timestamp,cpu_usage_percent,ram_usage_percent,hourly_cost_usd
2026-03-09 10:28:52,88.15,53.06,0.541
2026-03-09 11:28:52,80.07,78.44,0.5
2026-03-09 12:28:52,69.54,70.13,0.448
2026-03-09 13:28:52,93.57,51.92,0.568
2026-03-09 14:28:52,77.19,51.52,0.486
2026-03-09 15:28:52,65.47,66.36,0.427
2026-03-09 16:28:52,73.86,65.88,0.469
2026-03-09 17:28:52,71.2,89.82,0.456
2026-03-09 18:28:52,86.07,59.57,0.53
2026-03-09 19:28:52,24.34,16.12,0.222
2026-03-09 20:28:52,24.41,21.72,0.222
2026-03-09 21:28:52,13.34,32.93,0.167
2026-03-09 22:28:52,20.69,39.21,0.203
2026-03-09 23:28:52,25.12,34.19,0.226
2026-03-10 00:28:52,27.03,31.61,0.235
2026-03-10 01:28:52,16.44,25.6,0.182
2026-03-10 02:28:52,28.75,24.13,0.244
2026-03-10 03:28:52,24.26,25.4,0.221
2026-03-10 04:28:52,23.02,31.2,0.215
2026-03-10 05:28:52,14.86,24.63,0.174
2026-03-10 06:28:52,17.04,30.75,0.185
2026-03-10 07:28:52,19.43,36.92,0.197
2026-03-10 08:28:52,70.94,74.45,0.455
2026-03-10 09:28:52,75.05,73.71,0.475
2026-03-10 10:28:52,66.48,63.65,0.432
2026-03-10 11:28:52,86.01,80.25,0.53
2026-03-10 12:28:52,69.63,86.35,0.448
2026-03-10 13:28:52,70.77,70.32,0.454
2026-03-10 14:28:52,67.39,75.11,0.437
2026-03-10 15:28:52,70.31,71.71,0.452
2026-03-10 16:28:52,67.47,80.85,0.437
2026-03-10 17:28:52,68.61,60.76,0.443
2026-03-10 18:28:52,62.05,72.35,0.41
2026-03-10 19:28:52,18.51,25.62,0.193
2026-03-10 20:28:52,18.37,20.61,0.192
2026-03-10 21:28:52,16.85,36.13,0.184
2026-03-10 22:28:52,19.86,34.52,0.199
2026-03-10 23:28:52,17.72,31.77,0.189
2026-03-11 00:28:52,18.93,31.81,0.195
2026-03-11 01:28:52,19.06,35.48,0.195
2026-03-11 02:28:52,18.07,20.66,0.19
2026-03-11 03:28:52,19.52,33.88,0.198
2026-03-11 04:28:52,15.43,29.11,0.177
2026-03-11 05:28:52,20.69,42.12,0.203
2026-03-11 06:28:52,16.36,20.76,0.182
2026-03-11 07:28:52,20.66,55.49,0.203
2026-03-11 08:28:52,99.21,62.35,0.596
2026-03-11 09:28:52,56.94,79.46,0.385
2026-03-11 10:28:52,61.17,86.37,0.406
2026-03-11 11:28:52,92.19,57.88,0.561
2026-03-11 12:28:52,70.57,68.72,0.453
2026-03-11 13:28:52,78.69,74.03,0.493
2026-03-11 14:28:52,76.5,56.28,0.483
2026-03-11 15:28:52,66.43,90.07,0.432
2026-03-11 16:28:52,89.67,76.69,0.548
2026-03-11 17:28:52,71.37,44.62,0.457
2026-03-11 18:28:52,81.79,71.61,0.509
2026-03-11 19:28:52,21.77,41.66,0.209
2026-03-11 20:28:52,19.76,16.16,0.199
2026-03-11 21:28:52,21.88,24.74,0.209
2026-03-11 22:28:52,11.85,28.78,0.159
2026-03-11 23:28:52,23.92,40.02,0.22
2026-03-12 00:28:52,15.17,37.41,0.176
2026-03-12 01:28:52,18.57,32.25,0.193
2026-03-12 02:28:52,19.72,39.27,0.199
2026-03-12 03:28:52,15.06,28.76,0.175
2026-03-12 04:28:52,20.78,42.19,0.204
2026-03-12 05:28:52,24.08,26.98,0.22
2026-03-12 06:28:52,13.74,27.71,0.169
2026-03-12 07:28:52,19.62,39.87,0.198
2026-03-12 08:28:52,67.92,90.99,0.44
2026-03-12 09:28:52,62.69,61.53,0.413
2026-03-12 10:28:52,63.87,44.26,0.419
2026-03-12 11:28:52,41.6,67.13,0.308
2026-03-12 12:28:52,75.12,78.73,0.476
2026-03-12 13:28:52,75.27,70.67,0.476
2026-03-12 14:28:52,74.92,30.2,0.475
2026-03-12 15:28:52,81.38,70.6,0.507
2026-03-12 16:28:52,68.28,46.66,0.441
2026-03-12 17:28:52,56.21,62.16,0.381
2026-03-12 18:28:52,71.85,75.92,0.459
2026-03-12 19:28:52,23.8,17.62,0.219
2026-03-12 20:28:52,20.37,18.99,0.202
2026-03-12 21:28:52,23.03,33.46,0.215
2026-03-12 22:28:52,23.5,44.51,0.218
2026-03-12 23:28:52,27.56,18.67,0.238
2026-03-13 00:28:52,11.62,44.74,0.158
2026-03-13 01:28:52,16.95,28.59,0.185
2026-03-13 02:28:52,16.45,39.64,0.182
2026-03-13 03:28:52,21.7,16.52,0.208
2026-03-13 04:28:52,17.79,44.91,0.189
2026-03-13 05:28:52,20.26,30.81,0.201
2026-03-13 06:28:52,14.68,21.38,0.173
2026-03-13 07:28:52,17.85,29.51,0.189
2026-03-13 08:28:52,77.94,48.48,0.49
2026-03-13 09:28:52,93.77,75.22,0.569
2026-03-13 10:28:52,79.96,84.57,0.5
2026-03-13 11:28:52,90.34,78.24,0.552
2026-03-13 12:28:52,81.73,53.58,0.509
2026-03-13 13:28:52,84.87,77.08,0.524
2026-03-13 14:28:52,96.66,57.25,0.583
2026-03-13 15:28:52,65.52,50.05,0.428
2026-03-13 16:28:52,83.87,76.27,0.519
2026-03-13 17:28:52,75.57,56.74,0.478
2026-03-13 18:28:52,77.65,50.22,0.488
2026-03-13 19:28:52,15.02,28.2,0.175
2026-03-13 20:28:52,16.28,36.08,0.181
2026-03-13 21:28:52,24.46,29.79,0.222
2026-03-13 22:28:52,20.78,18.86,0.204
2026-03-13 23:28:52,18.07,35.35,0.19
2026-03-14 00:28:52,17.52,25.45,0.188
2026-03-14 01:28:52,20.56,43.79,0.203
2026-03-14 02:28:52,15.73,34.04,0.179
2026-03-14 03:28:52,14.03,39.92,0.17
2026-03-14 04:28:52,11.32,26.41,0.157
2026-03-14 05:28:52,23.46,35.61,0.217
2026-03-14 06:28:52,25.75,27.39,0.229
2026-03-14 07:28:52,20.16,27.85,0.201
2026-03-14 08:28:52,89.08,54.65,0.545
2026-03-14 09:28:52,46.07,63.72,0.33
2026-03-14 10:28:52,79.99,67.19,0.5
2026-03-14 11:28:52,73.9,62.0,0.47
2026-03-14 12:28:52,65.88,54.79,0.429
2026-03-14 13:28:52,90.64,72.02,0.553
2026-03-14 14:28:52,76.8,79.5,0.484
2026-03-14 15:28:52,74.3,76.83,0.471
2026-03-14 16:28:52,85.97,54.42,0.53
2026-03-14 17:28:52,75.24,85.88,0.476
2026-03-14 18:28:52,81.27,49.12,0.506
2026-03-14 19:28:52,21.65,19.12,0.208
2026-03-14 20:28:52,19.92,33.56,0.2
2026-03-14 21:28:52,17.01,24.13,0.185
2026-03-14 22:28:52,17.85,23.52,0.189
2026-03-14 23:28:52,18.65,45.69,0.193
2026-03-15 00:28:52,14.56,43.84,0.173
2026-03-15 01:28:52,23.56,21.53,0.218
2026-03-15 02:28:52,17.75,42.5,0.189
2026-03-15 03:28:52,22.01,38.27,0.21
2026-03-15 04:28:52,16.41,19.2,0.182
2026-03-15 05:28:52,16.86,32.69,0.184
2026-03-15 06:28:52,22.03,29.53,0.21
2026-03-15 07:28:52,29.62,30.78,0.248
2026-03-15 08:28:52,89.17,75.34,0.546
2026-03-15 09:28:52,67.71,59.38,0.439
2026-03-15 10:28:52,70.16,57.65,0.451
2026-03-15 11:28:52,77.06,73.63,0.485
2026-03-15 12:28:52,76.61,61.15,0.483
2026-03-15 13:28:52,71.35,81.55,0.457
2026-03-15 14:28:52,81.46,63.82,0.507
2026-03-15 15:28:52,72.11,100.0,0.461
2026-03-15 16:28:52,71.62,77.74,0.458
2026-03-15 17:28:52,95.64,40.53,0.578
2026-03-15 18:28:52,64.96,51.35,0.425
2026-03-15 19:28:52,17.45,30.41,0.187
2026-03-15 20:28:52,25.57,39.03,0.228
2026-03-15 21:28:52,22.83,13.5,0.214
2026-03-15 22:28:52,26.32,22.74,0.232
2026-03-15 23:28:52,14.63,20.84,0.173
2026-03-16 00:28:52,20.12,26.02,0.201
2026-03-16 01:28:52,11.06,31.51,0.155
2026-03-16 02:28:52,16.41,37.03,0.182
2026-03-16 03:28:52,14.47,26.82,0.172
2026-03-16 04:28:52,15.83,39.31,0.179
2026-03-16 05:28:52,13.99,25.58,0.17
2026-03-16 06:28:52,29.18,29.86,0.246
2026-03-16 07:28:52,22.97,24.79,0.215
2026-03-16 08:28:52,74.17,90.52,0.471
2026-03-16 09:28:52,66.21,53.53,0.431
2026-03-16 10:28:52,60.68,77.26,0.403
2026-03-16 11:28:52,69.27,78.18,0.446
2026-03-16 12:28:52,63.37,68.99,0.417
2026-03-16 13:28:52,63.77,50.07,0.419
2026-03-16 14:28:52,80.5,63.36,0.502
2026-03-16 15:28:52,72.29,75.56,0.461
2026-03-16 16:28:52,65.27,49.92,0.426
2026-03-16 17:28:52,61.16,50.69,0.406
2026-03-16 18:28:52,63.86,41.7,0.419
2026-03-16 19:28:52,18.06,18.54,0.19
2026-03-16 20:28:52,17.43,19.56,0.187
2026-03-16 21:28:52,21.1,23.98,0.205
2026-03-16 22:28:52,17.92,34.38,0.19
2026-03-16 23:28:52,21.79,41.82,0.209
2026-03-17 00:28:52,15.66,22.9,0.178
2026-03-17 01:28:52,15.86,17.76,0.179
2026-03-17 02:28:52,17.77,35.58,0.189
2026-03-17 03:28:52,24.8,37.78,0.224
2026-03-17 04:28:52,25.37,37.45,0.227
2026-03-17 05:28:52,20.37,40.0,0.202
2026-03-17 06:28:52,22.76,52.79,0.214
2026-03-17 07:28:52,22.31,21.49,0.212
2026-03-17 08:28:52,70.95,37.67,0.455
2026-03-17 09:28:52,58.89,52.55,0.394
2026-03-17 10:28:52,76.7,44.6,0.484
2026-03-17 11:28:52,82.65,63.75,0.513
2026-03-17 12:28:52,79.13,57.76,0.496
2026-03-17 13:28:52,83.61,75.91,0.518
2026-03-17 14:28:52,98.56,70.35,0.593
2026-03-17 15:28:52,82.1,88.27,0.511
2026-03-17 16:28:52,75.75,72.57,0.479
2026-03-17 17:28:52,65.59,73.46,0.428
2026-03-17 18:28:52,69.84,51.56,0.449
2026-03-17 19:28:52,16.29,16.89,0.181
2026-03-17 20:28:52,16.89,33.5,0.184
2026-03-17 21:28:52,24.35,11.46,0.222
2026-03-17 22:28:52,20.05,36.7,0.2
2026-03-17 23:28:52,18.09,20.85,0.19
2026-03-18 00:28:52,20.54,36.78,0.203
2026-03-18 01:28:52,20.56,21.74,0.203
2026-03-18 02:28:52,21.39,20.21,0.207
2026-03-18 03:28:52,17.55,17.44,0.188
2026-03-18 04:28:52,14.74,30.24,0.174
2026-03-18 05:28:52,20.93,26.12,0.205
2026-03-18 06:28:52,23.75,35.11,0.219
2026-03-18 07:28:52,11.19,50.41,0.156
2026-03-18 08:28:52,75.58,59.62,0.478
2026-03-18 09:28:52,78.79,40.43,0.494
2026-03-18 10:28:52,74.48,62.57,0.472
2026-03-18 11:28:52,77.75,76.75,0.489
2026-03-18 12:28:52,73.64,72.56,0.468
2026-03-18 13:28:52,78.44,57.44,0.492
2026-03-18 14:28:52,66.53,54.38,0.433
2026-03-18 15:28:52,70.39,66.2,0.452
2026-03-18 16:28:52,64.77,44.41,0.424
2026-03-18 17:28:52,77.27,61.47,0.486
2026-03-18 18:28:52,74.26,81.51,0.471
2026-03-18 19:28:52,19.9,13.08,0.2
2026-03-18 20:28:52,28.76,25.16,0.244
2026-03-18 21:28:52,4.91,15.55,0.125
2026-03-18 22:28:52,21.59,19.76,0.208
2026-03-18 23:28:52,21.9,16.88,0.209
2026-03-19 00:28:52,14.9,32.86,0.174
2026-03-19 01:28:52,31.21,24.35,0.256
2026-03-19 02:28:52,18.45,47.77,0.192
2026-03-19 03:28:52,16.03,9.57,0.18
2026-03-19 04:28:52,15.73,40.66,0.179
2026-03-19 05:28:52,26.19,48.48,0.231
2026-03-19 06:28:52,16.84,18.6,0.184
2026-03-19 07:28:52,19.24,24.09,0.196
2026-03-19 08:28:52,87.06,82.05,0.535
2026-03-19 09:28:52,62.04,76.1,0.41
2026-03-19 10:28:52,68.94,65.3,0.445
2026-03-19 11:28:52,80.44,50.99,0.502
2026-03-19 12:28:52,72.29,86.81,0.461
2026-03-19 13:28:52,73.07,94.01,0.465
2026-03-19 14:28:52,77.14,80.19,0.486
2026-03-19 15:28:52,89.56,57.36,0.548
2026-03-19 16:28:52,65.59,66.24,0.428
2026-03-19 17:28:52,64.52,72.35,0.423
2026-03-19 18:28:52,87.56,52.7,0.538
2026-03-19 19:28:52,20.72,15.49,0.204
2026-03-19 20:28:52,22.83,36.16,0.214
2026-03-19 21:28:52,20.67,28.94,0.203
2026-03-19 22:28:52,20.2,7.99,0.201
2026-03-19 23:28:52,20.77,28.61,0.204
2026-03-20 00:28:52,21.81,35.97,0.209
2026-03-20 01:28:52,10.96,41.13,0.155
2026-03-20 02:28:52,13.04,35.71,0.165
2026-03-20 03:28:52,19.77,28.08,0.199
2026-03-20 04:28:52,29.36,16.86,0.247
2026-03-20 05:28:52,13.64,24.72,0.168
2026-03-20 06:28:52,19.14,15.66,0.196
2026-03-20 07:28:52,30.56,20.42,0.253
2026-03-20 08:28:52,79.81,58.51,0.499
2026-03-20 09:28:52,58.1,89.41,0.39
2026-03-20 10:28:52,78.54,69.9,0.493
2026-03-20 11:28:52,67.59,69.24,0.438
2026-03-20 12:28:52,88.22,61.39,0.541
2026-03-20 13:28:52,79.96,55.11,0.5
2026-03-20 14:28:52,88.04,59.75,0.54
2026-03-20 15:28:52,88.88,80.74,0.544
2026-03-20 16:28:52,84.46,49.02,0.522
2026-03-20 17:28:52,74.19,56.09,0.471
2026-03-20 18:28:52,65.9,61.39,0.43
2026-03-20 19:28:52,28.99,37.85,0.245
2026-03-20 20:28:52,10.28,39.01,0.151
2026-03-20 21:28:52,18.49,49.18,0.192
2026-03-20 22:28:52,21.88,40.44,0.209
2026-03-20 23:28:52,21.51,30.27,0.208
2026-03-21 00:28:52,33.27,40.54,0.266
2026-03-21 01:28:52,22.51,32.21,0.213
2026-03-21 02:28:52,19.7,35.69,0.198
2026-03-21 03:28:52,14.71,24.06,0.174
2026-03-21 04:28:52,21.58,49.01,0.208
2026-03-21 05:28:52,21.14,27.89,0.206
2026-03-21 06:28:52,22.96,22.62,0.215
2026-03-21 07:28:52,15.56,29.53,0.178
2026-03-21 08:28:52,79.12,72.12,0.496
2026-03-21 09:28:52,58.73,48.83,0.394
2026-03-21 10:28:52,79.9,70.66,0.499
2026-03-21 11:28:52,73.55,59.53,0.468
2026-03-21 12:28:52,83.63,67.61,0.518
2026-03-21 13:28:52,85.46,48.98,0.527
2026-03-21 14:28:52,66.14,61.34,0.431
2026-03-21 15:28:52,87.93,80.36,0.54
2026-03-21 16:28:52,68.95,100.0,0.445
2026-03-21 17:28:52,87.76,58.29,0.539
2026-03-21 18:28:52,67.36,38.38,0.437
2026-03-21 19:28:52,27.49,18.62,0.237
2026-03-21 20:28:52,22.72,16.62,0.214
2026-03-21 21:28:52,21.56,39.1,0.208
2026-03-21 22:28:52,16.75,38.84,0.184
2026-03-21 23:28:52,23.76,23.7,0.219
2026-03-22 00:28:52,30.66,27.76,0.253
2026-03-22 01:28:52,23.74,33.91,0.219
2026-03-22 02:28:52,29.7,20.97,0.248
2026-03-22 03:28:52,24.72,23.7,0.224
2026-03-22 04:28:52,24.91,31.42,0.225
2026-03-22 05:28:52,11.98,36.74,0.16
2026-03-22 06:28:52,16.68,19.72,0.183
2026-03-22 07:28:52,15.49,40.67,0.177
2026-03-22 08:28:52,69.37,49.23,0.447
2026-03-22 09:28:52,62.3,51.9,0.411
2026-03-22 10:28:52,71.8,33.99,0.459
2026-03-22 11:28:52,86.09,39.07,0.53
2026-03-22 12:28:52,81.12,66.04,0.506
2026-03-22 13:28:52,81.14,76.48,0.506
2026-03-22 14:28:52,68.88,75.99,0.444
2026-03-22 15:28:52,97.09,77.5,0.585
2026-03-22 16:28:52,80.52,73.49,0.503
2026-03-22 17:28:52,64.05,74.94,0.42
2026-03-22 18:28:52,76.32,72.1,0.482
2026-03-22 19:28:52,11.18,23.14,0.156
2026-03-22 20:28:52,12.89,32.95,0.164
2026-03-22 21:28:52,19.32,21.43,0.197
2026-03-22 22:28:52,27.65,16.5,0.238
2026-03-22 23:28:52,15.73,18.91,0.179
2026-03-23 00:28:52,20.33,39.3,0.202
2026-03-23 01:28:52,22.12,23.86,0.211
2026-03-23 02:28:52,20.52,23.76,0.203
2026-03-23 03:28:52,12.93,28.96,0.165
2026-03-23 04:28:52,15.15,47.05,0.176
2026-03-23 05:28:52,13.11,23.49,0.166
2026-03-23 06:28:52,14.48,18.05,0.172
2026-03-23 07:28:52,15.45,13.04,0.177
2026-03-23 08:28:52,71.12,64.83,0.456
2026-03-23 09:28:52,80.49,75.71,0.502
2026-03-23 10:28:52,81.36,68.51,0.507
2026-03-23 11:28:52,67.49,78.78,0.437
2026-03-23 12:28:52,67.74,46.71,0.439
2026-03-23 13:28:52,72.12,96.13,0.461
2026-03-23 14:28:52,72.7,39.45,0.463
2026-03-23 15:28:52,59.03,80.63,0.395
2026-03-23 16:28:52,71.78,56.33,0.459
2026-03-23 17:28:52,75.39,45.25,0.477
2026-03-23 18:28:52,72.69,26.6,0.463
2026-03-23 19:28:52,16.58,42.7,0.183
2026-03-23 20:28:52,25.95,34.87,0.23
2026-03-23 21:28:52,18.2,31.79,0.191
2026-03-23 22:28:52,19.75,22.46,0.199
2026-03-23 23:28:52,19.82,30.93,0.199
2026-03-24 00:28:52,23.46,13.88,0.217
2026-03-24 01:28:52,26.88,36.53,0.234
2026-03-24 02:28:52,27.94,13.72,0.24
2026-03-24 03:28:52,27.9,38.49,0.24
2026-03-24 04:28:52,26.88,31.69,0.234
2026-03-24 05:28:52,32.07,34.17,0.26
2026-03-24 06:28:52,14.55,49.72,0.173
2026-03-24 07:28:52,22.72,14.22,0.214
2026-03-24 08:28:52,79.86,50.99,0.499
2026-03-24 09:28:52,75.56,55.45,0.478
2026-03-24 10:28:52,55.7,45.01,0.378
2026-03-24 11:28:52,70.39,64.25,0.452
2026-03-24 12:28:52,81.04,58.76,0.505
2026-03-24 13:28:52,55.47,78.18,0.377
2026-03-24 14:28:52,81.2,77.31,0.506
2026-03-24 15:28:52,66.06,77.44,0.43
2026-03-24 16:28:52,64.91,79.39,0.425
2026-03-24 17:28:52,69.67,52.69,0.448
2026-03-24 18:28:52,75.51,36.61,0.478
2026-03-24 19:28:52,13.78,29.54,0.169
2026-03-24 20:28:52,26.3,21.45,0.231
2026-03-24 21:28:52,13.03,36.51,0.165
2026-03-24 22:28:52,20.76,40.34,0.204
2026-03-24 23:28:52,14.69,39.19,0.173
2026-03-25 00:28:52,18.31,27.13,0.192
2026-03-25 01:28:52,24.5,32.92,0.223
2026-03-25 02:28:52,28.61,40.42,0.243
2026-03-25 03:28:52,15.28,33.05,0.176
2026-03-25 04:28:52,17.48,20.29,0.187
2026-03-25 05:28:52,7.88,33.66,0.139
2026-03-25 06:28:52,19.1,27.68,0.196
2026-03-25 07:28:52,14.04,46.25,0.17
2026-03-25 08:28:52,66.61,83.65,0.433
2026-03-25 09:28:52,76.84,72.92,0.484
2026-03-25 10:28:52,64.42,45.2,0.422
2026-03-25 11:28:52,71.27,68.96,0.456
2026-03-25 12:28:52,86.81,57.55,0.534
2026-03-25 13:28:52,71.75,73.05,0.459
2026-03-25 14:28:52,87.77,65.82,0.539
2026-03-25 15:28:52,82.21,82.78,0.511
2026-03-25 16:28:52,96.83,77.41,0.584
2026-03-25 17:28:52,67.46,81.38,0.437
2026-03-25 18:28:52,77.64,68.95,0.488
2026-03-25 19:28:52,29.73,34.81,0.249
2026-03-25 20:28:52,22.43,38.3,0.212
2026-03-25 21:28:52,17.22,18.71,0.186
2026-03-25 22:28:52,17.06,32.15,0.185
2026-03-25 23:28:52,23.79,41.84,0.219
2026-03-26 00:28:52,13.03,47.47,0.165
2026-03-26 01:28:52,26.17,35.99,0.231
2026-03-26 02:28:52,14.74,26.81,0.174
2026-03-26 03:28:52,23.31,19.9,0.217
2026-03-26 04:28:52,24.5,30.97,0.223
2026-03-26 05:28:52,25.51,26.18,0.228
2026-03-26 06:28:52,16.45,39.1,0.182
2026-03-26 07:28:52,32.46,33.22,0.262
2026-03-26 08:28:52,81.77,100.0,0.509
2026-03-26 09:28:52,84.37,63.44,0.522
2026-03-26 10:28:52,71.57,89.25,0.458
2026-03-26 11:28:52,83.24,80.35,0.516
2026-03-26 12:28:52,60.38,55.25,0.402
2026-03-26 13:28:52,69.06,77.78,0.445
2026-03-26 14:28:52,75.87,67.61,0.479
2026-03-26 15:28:52,90.04,59.4,0.55
2026-03-26 16:28:52,68.57,57.44,0.443
2026-03-26 17:28:52,75.73,85.26,0.479
2026-03-26 18:28:52,61.09,70.38,0.405
2026-03-26 19:28:52,18.27,38.49,0.191
2026-03-26 20:28:52,14.67,31.02,0.173
2026-03-26 21:28:52,16.44,5.67,0.182
2026-03-26 22:28:52,17.9,31.07,0.189
2026-03-26 23:28:52,30.13,26.01,0.251
2026-03-27 00:28:52,28.13,27.65,0.241
2026-03-27 01:28:52,28.17,35.6,0.241
2026-03-27 02:28:52,19.3,40.85,0.197
2026-03-27 03:28:52,25.28,24.32,0.226
2026-03-27 04:28:52,21.39,23.86,0.207
2026-03-27 05:28:52,26.26,37.5,0.231
2026-03-27 06:28:52,19.62,27.95,0.198
2026-03-27 07:28:52,27.57,25.13,0.238
2026-03-27 08:28:52,92.62,79.26,0.563
2026-03-27 09:28:52,91.33,62.31,0.557
2026-03-27 10:28:52,73.59,77.25,0.468
2026-03-27 11:28:52,84.7,89.39,0.524
2026-03-27 12:28:52,60.35,67.86,0.402
2026-03-27 13:28:52,92.04,62.3,0.56
2026-03-27 14:28:52,80.25,64.23,0.501
2026-03-27 15:28:52,77.3,60.64,0.486
2026-03-27 16:28:52,82.74,39.93,0.514
2026-03-27 17:28:52,49.35,64.21,0.347
2026-03-27 18:28:52,78.11,78.83,0.491
2026-03-27 19:28:52,16.48,28.81,0.182
2026-03-27 20:28:52,19.36,29.77,0.197
2026-03-27 21:28:52,24.73,25.53,0.224
2026-03-27 22:28:52,18.29,32.64,0.191
2026-03-27 23:28:52,23.96,46.14,0.22
2026-03-28 00:28:52,17.09,34.02,0.185
2026-03-28 01:28:52,22.96,9.72,0.215
2026-03-28 02:28:52,16.65,26.39,0.183
2026-03-28 03:28:52,16.64,14.51,0.183
2026-03-28 04:28:52,22.94,24.54,0.215
2026-03-28 05:28:52,21.37,8.75,0.207
2026-03-28 06:28:52,18.9,26.35,0.195
2026-03-28 07:28:52,16.2,21.19,0.181
2026-03-28 08:28:52,71.07,69.76,0.455
2026-03-28 09:28:52,88.0,55.77,0.54
2026-03-28 10:28:52,82.37,55.74,0.512
2026-03-28 11:28:52,88.55,79.73,0.543
2026-03-28 12:28:52,60.75,72.7,0.404
2026-03-28 13:28:52,73.74,53.34,0.469
2026-03-28 14:28:52,78.74,65.72,0.494
2026-03-28 15:28:52,71.59,100.0,0.458
2026-03-28 16:28:52,64.44,57.51,0.422
2026-03-28 17:28:52,77.21,64.47,0.486
2026-03-28 18:28:52,79.49,57.41,0.497
2026-03-28 19:28:52,27.56,21.65,0.238
2026-03-28 20:28:52,14.16,20.33,0.171
2026-03-28 21:28:52,23.13,19.21,0.216
2026-03-28 22:28:52,26.73,28.47,0.234
2026-03-28 23:28:52,17.88,34.14,0.189
2026-03-29 00:28:52,20.91,28.2,0.205
2026-03-29 01:28:52,20.9,48.71,0.204
2026-03-29 02:28:52,20.33,41.33,0.202
2026-03-29 03:28:52,15.43,26.96,0.177
2026-03-29 04:28:52,16.8,31.43,0.184
2026-03-29 05:28:52,22.01,4.05,0.21
2026-03-29 06:28:52,17.7,18.56,0.189
2026-03-29 07:28:52,22.46,36.72,0.212
2026-03-29 08:28:52,96.04,44.09,0.58
2026-03-29 09:28:52,72.26,70.61,0.461
2026-03-29 10:28:52,77.38,80.43,0.487
2026-03-29 11:28:52,72.66,81.94,0.463
2026-03-29 12:28:52,93.19,50.49,0.566
2026-03-29 13:28:52,74.69,33.9,0.473
2026-03-29 14:28:52,79.6,82.24,0.498
2026-03-29 15:28:52,76.07,38.88,0.48
2026-03-29 16:28:52,73.37,42.64,0.467
2026-03-29 17:28:52,84.4,54.21,0.522
2026-03-29 18:28:52,67.44,73.29,0.437
2026-03-29 19:28:52,24.65,32.88,0.223
2026-03-29 20:28:52,18.01,34.24,0.19
2026-03-29 21:28:52,21.04,9.88,0.205
2026-03-29 22:28:52,17.11,25.62,0.186
2026-03-29 23:28:52,15.02,14.51,0.175
2026-03-30 00:28:52,10.12,27.2,0.151
2026-03-30 01:28:52,23.46,25.95,0.217
2026-03-30 02:28:52,19.64,19.77,0.198
2026-03-30 03:28:52,16.07,13.22,0.18
2026-03-30 04:28:52,13.99,10.07,0.17
2026-03-30 05:28:52,23.01,40.1,0.215
2026-03-30 06:28:52,22.9,29.45,0.214
2026-03-30 07:28:52,17.78,31.22,0.189
2026-03-30 08:28:52,73.49,79.99,0.467
2026-03-30 09:28:52,66.67,42.99,0.433
2026-03-30 10:28:52,87.36,38.67,0.537
2026-03-30 11:28:52,69.36,75.43,0.447
2026-03-30 12:28:52,81.72,57.86,0.509
2026-03-30 13:28:52,70.71,60.12,0.454
2026-03-30 14:28:52,84.61,62.74,0.523
2026-03-30 15:28:52,65.73,76.04,0.429
2026-03-30 16:28:52,80.56,48.65,0.503
2026-03-30 17:28:52,71.34,91.12,0.457
2026-03-30 18:28:52,88.12,67.16,0.541
2026-03-30 19:28:52,13.68,45.49,0.168
2026-03-30 20:28:52,18.7,44.51,0.193
2026-03-30 21:28:52,20.05,37.62,0.2
2026-03-30 22:28:52,12.76,29.52,0.164
2026-03-30 23:28:52,28.24,27.68,0.241
2026-03-31 00:28:52,22.07,26.9,0.21
2026-03-31 01:28:52,15.47,26.44,0.177
2026-03-31 02:28:52,18.13,32.43,0.191
2026-03-31 03:28:52,18.07,32.96,0.19
2026-03-31 04:28:52,10.32,35.7,0.152
2026-03-31 05:28:52,16.56,27.45,0.183
2026-03-31 06:28:52,21.09,26.25,0.205
2026-03-31 07:28:52,30.24,28.67,0.251
2026-03-31 08:28:52,72.71,39.61,0.464
2026-03-31 09:28:52,76.58,64.57,0.483
2026-03-31 10:28:52,54.03,61.83,0.37
2026-03-31 11:28:52,87.82,63.97,0.539
2026-03-31 12:28:52,65.47,73.92,0.427
2026-03-31 13:28:52,72.28,33.1,0.461
2026-03-31 14:28:52,73.39,90.05,0.467
2026-03-31 15:28:52,77.9,71.13,0.49
2026-03-31 16:28:52,59.78,68.07,0.399
2026-03-31 17:28:52,73.52,72.79,0.468
2026-03-31 18:28:52,68.73,62.73,0.444
2026-03-31 19:28:52,22.04,22.72,0.21
2026-03-31 20:28:52,20.05,34.39,0.2
2026-03-31 21:28:52,21.47,29.94,0.207
2026-03-31 22:28:52,22.69,33.46,0.213
2026-03-31 23:28:52,19.34,35.37,0.197
2026-04-01 00:28:52,14.37,31.94,0.172
2026-04-01 01:28:52,24.95,18.24,0.225
2026-04-01 02:28:52,21.55,12.97,0.208
2026-04-01 03:28:52,19.93,39.64,0.2
2026-04-01 04:28:52,23.69,27.61,0.218
2026-04-01 05:28:52,5.36,41.78,0.127
2026-04-01 06:28:52,17.82,28.6,0.189
2026-04-01 07:28:52,13.8,30.8,0.169
2026-04-01 08:28:52,65.54,88.69,0.428
2026-04-01 09:28:52,96.16,70.6,0.581
2026-04-01 10:28:52,76.58,45.95,0.483
2026-04-01 11:28:52,61.72,60.23,0.409
2026-04-01 12:28:52,90.38,56.4,0.552
2026-04-01 13:28:52,57.57,47.89,0.388
2026-04-01 14:28:52,66.59,100.0,0.433
2026-04-01 15:28:52,86.94,66.78,0.535
2026-04-01 16:28:52,68.14,80.29,0.441
2026-04-01 17:28:52,75.94,34.71,0.48
2026-04-01 18:28:52,80.04,90.29,0.5
2026-04-01 19:28:52,21.8,43.24,0.209
2026-04-01 20:28:52,15.75,44.1,0.179
2026-04-01 21:28:52,18.98,32.45,0.195
2026-04-01 22:28:52,22.72,34.16,0.214
2026-04-01 23:28:52,24.24,31.39,0.221
2026-04-02 00:28:52,13.95,27.92,0.17
2026-04-02 01:28:52,17.14,29.32,0.186
2026-04-02 02:28:52,27.92,35.71,0.24
2026-04-02 03:28:52,25.57,27.2,0.228
2026-04-02 04:28:52,15.69,40.93,0.178
2026-04-02 05:28:52,22.44,29.91,0.212
2026-04-02 06:28:52,19.31,3.78,0.197
2026-04-02 07:28:52,25.73,25.31,0.229
2026-04-02 08:28:52,75.88,61.49,0.479
2026-04-02 09:28:52,65.74,30.16,0.429
2026-04-02 10:28:52,92.29,69.62,0.561
2026-04-02 11:28:52,73.26,86.7,0.466
2026-04-02 12:28:52,76.07,74.02,0.48
2026-04-02 13:28:52,79.61,58.87,0.498
2026-04-02 14:28:52,82.6,65.23,0.513
2026-04-02 15:28:52,72.17,85.01,0.461
2026-04-02 16:28:52,74.29,86.35,0.471
2026-04-02 17:28:52,76.91,78.72,0.485
2026-04-02 18:28:52,73.12,65.51,0.466
2026-04-02 19:28:52,22.66,33.14,0.213
2026-04-02 20:28:52,23.44,33.12,0.217
2026-04-02 21:28:52,14.23,23.21,0.171
2026-04-02 22:28:52,14.73,23.99,0.174
2026-04-02 23:28:52,22.44,9.15,0.212
2026-04-03 00:28:52,16.59,21.58,0.183
2026-04-03 01:28:52,19.96,25.96,0.2
2026-04-03 02:28:52,13.82,29.43,0.169
2026-04-03 03:28:52,14.51,19.92,0.173
2026-04-03 04:28:52,19.67,38.08,0.198
2026-04-03 05:28:52,22.4,26.29,0.212
2026-04-03 06:28:52,23.51,36.17,0.218
2026-04-03 07:28:52,20.2,23.39,0.201
2026-04-03 08:28:52,74.15,70.84,0.471
2026-04-03 09:28:52,60.29,51.97,0.401
2026-04-03 10:28:52,67.74,54.25,0.439
2026-04-03 11:28:52,72.63,57.99,0.463
2026-04-03 12:28:52,69.31,46.36,0.447
2026-04-03 13:28:52,54.25,55.18,0.371
2026-04-03 14:28:52,80.06,72.09,0.5
2026-04-03 15:28:52,71.01,83.98,0.455
2026-04-03 16:28:52,80.93,61.93,0.505
2026-04-03 17:28:52,73.51,91.07,0.468
2026-04-03 18:28:52,83.39,61.06,0.517
2026-04-03 19:28:52,6.54,16.54,0.133
2026-04-03 20:28:52,7.57,41.69,0.138
2026-04-03 21:28:52,18.25,41.98,0.191
2026-04-03 22:28:52,19.9,32.78,0.2
2026-04-03 23:28:52,17.85,24.58,0.189
2026-04-04 00:28:52,14.58,26.83,0.173
2026-04-04 01:28:52,33.73,35.86,0.269
2026-04-04 02:28:52,19.06,34.96,0.195
2026-04-04 03:28:52,8.71,34.38,0.144
2026-04-04 04:28:52,18.52,39.57,0.193
2026-04-04 05:28:52,14.82,28.95,0.174
2026-04-04 06:28:52,14.26,20.97,0.171
2026-04-04 07:28:52,23.0,32.08,0.215
2026-04-04 08:28:52,89.45,55.1,0.547
2026-04-04 09:28:52,81.3,43.44,0.506
2026-04-04 10:28:52,63.65,64.05,0.418
2026-04-04 11:28:52,88.8,68.03,0.544
2026-04-04 12:28:52,71.84,90.53,0.459
2026-04-04 13:28:52,71.81,17.85,0.459
2026-04-04 14:28:52,64.15,74.54,0.421
2026-04-04 15:28:52,62.13,61.86,0.411
2026-04-04 16:28:52,76.96,56.54,0.485
2026-04-04 17:28:52,70.64,56.47,0.453
2026-04-04 18:28:52,66.0,64.12,0.43
2026-04-04 19:28:52,26.26,25.72,0.231
2026-04-04 20:28:52,22.4,22.47,0.212
2026-04-04 21:28:52,18.18,13.1,0.191
2026-04-04 22:28:52,25.9,15.54,0.229
2026-04-04 23:28:52,22.1,20.43,0.21
2026-04-05 00:28:52,21.97,37.09,0.21
2026-04-05 01:28:52,25.82,44.55,0.229
2026-04-05 02:28:52,24.25,37.03,0.221
2026-04-05 03:28:52,17.53,45.26,0.188
2026-04-05 04:28:52,19.26,30.28,0.196
2026-04-05 05:28:52,12.51,13.2,0.163
2026-04-05 06:28:52,26.57,23.19,0.233
2026-04-05 07:28:52,18.91,27.25,0.195
2026-04-05 08:28:52,68.11,69.77,0.441
2026-04-05 09:28:52,73.08,51.34,0.465
2026-04-05 10:28:52,81.01,45.24,0.505
2026-04-05 11:28:52,75.35,90.26,0.477
2026-04-05 12:28:52,79.58,51.43,0.498
2026-04-05 13:28:52,68.12,55.42,0.441
2026-04-05 14:28:52,67.6,58.4,0.438
2026-04-05 15:28:52,81.79,41.93,0.509
2026-04-05 16:28:52,81.32,53.93,0.507
2026-04-05 17:28:52,69.18,50.98,0.446
2026-04-05 18:28:52,83.62,43.35,0.518
2026-04-05 19:28:52,11.45,41.98,0.157
2026-04-05 20:28:52,24.71,51.95,0.224
2026-04-05 21:28:52,21.54,36.59,0.208
2026-04-05 22:28:52,21.66,35.64,0.208
2026-04-05 23:28:52,25.66,33.13,0.228
2026-04-06 00:28:52,19.77,25.2,0.199
2026-04-06 01:28:52,10.5,20.58,0.153
2026-04-06 02:28:52,11.87,52.49,0.159
2026-04-06 03:28:52,26.64,28.73,0.233
2026-04-06 04:28:52,17.98,40.98,0.19
2026-04-06 05:28:52,15.03,33.54,0.175
2026-04-06 06:28:52,33.17,20.31,0.266
2026-04-06 07:28:52,24.06,19.26,0.22
2026-04-06 08:28:52,70.56,60.61,0.453
2026-04-06 09:28:52,75.09,66.55,0.475
2026-04-06 10:28:52,76.63,84.81,0.483
2026-04-06 11:28:52,82.13,72.88,0.511
2026-04-06 12:28:52,80.11,84.66,0.501
2026-04-06 13:28:52,86.25,92.1,0.531
2026-04-06 14:28:52,68.9,64.59,0.445
2026-04-06 15:28:52,71.08,49.18,0.455
2026-04-06 16:28:52,81.83,52.54,0.509
2026-04-06 17:28:52,72.41,76.98,0.462
2026-04-06 18:28:52,93.31,44.48,0.567
2026-04-06 19:28:52,21.27,26.94,0.206
2026-04-06 20:28:52,9.67,28.59,0.148
2026-04-06 21:28:52,19.66,37.76,0.198
2026-04-06 22:28:52,9.05,15.37,0.145
2026-04-06 23:28:52,22.59,42.95,0.213
2026-04-07 00:28:52,30.06,25.07,0.25
2026-04-07 01:28:52,26.8,29.09,0.234
2026-04-07 02:28:52,22.2,26.46,0.211
2026-04-07 03:28:52,13.9,32.01,0.169
2026-04-07 04:28:52,21.3,24.25,0.207
2026-04-07 05:28:52,22.86,22.77,0.214
2026-04-07 06:28:52,24.31,40.61,0.222
2026-04-07 07:28:52,17.6,29.92,0.188
2026-04-07 08:28:52,81.46,25.22,0.507
2026-04-07 09:28:52,75.51,68.79,0.478
2026-04-07 10:28:52,48.6,81.9,0.343
2026-04-07 11:28:52,82.19,65.69,0.511
2026-04-07 12:28:52,80.63,24.93,0.503
2026-04-07 13:28:52,93.24,71.01,0.566
2026-04-07 14:28:52,100.0,83.94,0.6
2026-04-07 15:28:52,63.26,78.51,0.416
2026-04-07 16:28:52,64.56,62.27,0.423
2026-04-07 17:28:52,81.52,75.54,0.508
2026-04-07 18:28:52,81.46,55.56,0.507
2026-04-07 19:28:52,24.19,24.77,0.221
2026-04-07 20:28:52,22.76,23.96,0.214
2026-04-07 21:28:52,23.43,19.82,0.217
2026-04-07 22:28:52,24.42,37.59,0.222
2026-04-07 23:28:52,16.32,36.94,0.182
2026-04-08 00:28:52,14.75,29.65,0.174
2026-04-08 01:28:52,18.74,40.23,0.194
2026-04-08 02:28:52,15.41,45.71,0.177
2026-04-08 03:28:52,22.38,20.14,0.212
2026-04-08 04:28:52,16.82,36.36,0.184
2026-04-08 05:28:52,19.53,46.78,0.198
2026-04-08 06:28:52,23.26,23.64,0.216
2026-04-08 07:28:52,14.82,32.17,0.174
2026-04-08 08:28:52,84.2,64.84,0.521
2026-04-08 09:28:52,69.11,69.89,0.446
2026-04-08 10:28:52,83.9,94.7,0.52
2026-04-08 11:28:52,58.77,69.04,0.394
2026-04-08 12:28:52,74.81,45.26,0.474
2026-04-08 13:28:52,74.52,46.01,0.473
2026-04-08 14:28:52,75.95,62.21,0.48
2026-04-08 15:28:52,73.4,70.53,0.467
2026-04-08 16:28:52,68.78,49.34,0.444
2026-04-08 17:28:52,80.19,41.26,0.501
2026-04-08 18:28:52,80.31,58.56,0.502
2026-04-08 19:28:52,19.43,34.97,0.197
2026-04-08 20:28:52,20.2,9.83,0.201
2026-04-08 21:28:52,21.86,29.18,0.209
2026-04-08 22:28:52,26.22,36.19,0.231
2026-04-08 23:28:52,12.47,45.91,0.162
2026-04-09 00:28:52,23.52,11.97,0.218
2026-04-09 01:28:52,23.65,27.94,0.218
2026-04-09 02:28:52,24.56,20.93,0.223
2026-04-09 03:28:52,16.47,28.32,0.182
2026-04-09 04:28:52,25.76,25.24,0.229
2026-04-09 05:28:52,24.82,27.91,0.224
2026-04-09 06:28:52,23.07,19.82,0.215
2026-04-09 07:28:52,27.04,24.09,0.235
2026-04-09 08:28:52,88.0,43.43,0.54
2026-04-09 09:28:52,57.88,91.25,0.389
2026-04-09 10:28:52,89.84,43.71,0.549
2026-04-09 11:28:52,53.57,62.8,0.368
2026-04-09 12:28:52,89.7,77.4,0.548
2026-04-09 13:28:52,73.19,62.25,0.466
2026-04-09 14:28:52,81.69,84.81,0.508
2026-04-09 15:28:52,82.12,63.77,0.511
2026-04-09 16:28:52,65.95,77.83,0.43
2026-04-09 17:28:52,58.41,66.52,0.392
2026-04-09 18:28:52,85.59,52.69,0.528
2026-04-09 19:28:52,20.47,18.81,0.202
2026-04-09 20:28:52,19.84,41.05,0.199
2026-04-09 21:28:52,18.33,37.07,0.192
2026-04-09 22:28:52,21.31,8.33,0.207
2026-04-09 23:28:52,18.76,28.33,0.194
2026-04-10 00:28:52,25.06,47.54,0.225
2026-04-10 01:28:52,24.7,48.89,0.224
2026-04-10 02:28:52,17.3,30.73,0.187
2026-04-10 03:28:52,17.14,36.92,0.186
2026-04-10 04:28:52,20.52,38.69,0.203
2026-04-10 05:28:52,13.13,23.63,0.166
2026-04-10 06:28:52,16.27,24.66,0.181
2026-04-10 07:28:52,40.25,31.13,0.301
2026-04-10 08:28:52,76.61,44.43,0.483
2026-04-10 09:28:52,88.31,52.84,0.542
2026-04-10 10:28:52,65.75,60.71,0.429
2026-04-10 11:28:52,80.87,71.01,0.504
2026-04-10 12:28:52,83.65,48.2,0.518
2026-04-10 13:28:52,73.75,90.96,0.469
2026-04-10 14:28:52,77.7,76.16,0.489
2026-04-10 15:28:52,65.02,76.81,0.425
2026-04-10 16:28:52,75.69,55.25,0.478
2026-04-10 17:28:52,76.48,52.93,0.482
2026-04-10 18:28:52,69.98,57.36,0.45
2026-04-10 19:28:52,12.35,26.0,0.162
2026-04-10 20:28:52,25.98,36.16,0.23
2026-04-10 21:28:52,16.61,53.76,0.183
2026-04-10 22:28:52,14.53,44.98,0.173
2026-04-10 23:28:52,14.37,32.22,0.172
2026-04-11 00:28:52,29.19,32.0,0.246
2026-04-11 01:28:52,24.66,38.64,0.223
2026-04-11 02:28:52,21.98,36.77,0.21
2026-04-11 03:28:52,15.33,26.26,0.177
2026-04-11 04:28:52,30.64,8.86,0.253
2026-04-11 05:28:52,17.83,27.09,0.189
2026-04-11 06:28:52,18.16,29.23,0.191
2026-04-11 07:28:52,28.15,35.62,0.241
2026-04-11 08:28:52,68.21,64.33,0.441
2026-04-11 09:28:52,68.93,77.66,0.445
2026-04-11 10:28:52,64.88,38.61,0.424
2026-04-11 11:28:52,67.03,72.01,0.435
2026-04-11 12:28:52,72.63,64.9,0.463
2026-04-11 13:28:52,71.61,98.12,0.458
2026-04-11 14:28:52,88.22,47.31,0.541
2026-04-11 15:28:52,67.23,92.13,0.436
2026-04-11 16:28:52,79.41,80.27,0.497
2026-04-11 17:28:52,83.1,59.61,0.516
2026-04-11 18:28:52,77.96,66.71,0.49
2026-04-11 19:28:52,26.29,30.2,0.231
2026-04-11 20:28:52,13.86,55.34,0.169
2026-04-11 21:28:52,15.78,29.56,0.179
2026-04-11 22:28:52,18.52,16.6,0.193
2026-04-11 23:28:52,22.48,14.13,0.212
2026-04-12 00:28:52,25.16,15.93,0.226
2026-04-12 01:28:52,18.68,25.77,0.193
2026-04-12 02:28:52,21.93,41.09,0.21
2026-04-12 03:28:52,24.18,32.7,0.221
2026-04-12 04:28:52,12.25,40.84,0.161
2026-04-12 05:28:52,20.45,4.62,0.202
2026-04-12 06:28:52,24.37,37.84,0.222
2026-04-12 07:28:52,23.11,25.67,0.216
2026-04-12 08:28:52,72.03,82.49,0.46
2026-04-12 09:28:52,77.3,76.56,0.486
2026-04-12 10:28:52,62.61,64.23,0.413
2026-04-12 11:28:52,58.97,62.56,0.395
2026-04-12 12:28:52,82.58,66.65,0.513
2026-04-12 13:28:52,81.95,69.45,0.51
2026-04-12 14:28:52,68.43,63.99,0.442
2026-04-12 15:28:52,67.58,59.94,0.438
2026-04-12 16:28:52,56.86,56.22,0.384
2026-04-12 17:28:52,84.69,94.57,0.523
2026-04-12 18:28:52,60.3,76.37,0.401
2026-04-12 19:28:52,18.68,17.04,0.193
2026-04-12 20:28:52,29.42,34.49,0.247
2026-04-12 21:28:52,21.02,50.91,0.205
2026-04-12 22:28:52,27.63,21.59,0.238
2026-04-12 23:28:52,20.89,16.3,0.204
2026-04-13 00:28:52,17.42,23.86,0.187
2026-04-13 01:28:52,21.53,23.25,0.208
2026-04-13 02:28:52,18.64,46.05,0.193
2026-04-13 03:28:52,10.0,19.52,0.15
2026-04-13 04:28:52,19.12,39.92,0.196
2026-04-13 05:28:52,22.27,19.09,0.211
2026-04-13 06:28:52,16.66,22.16,0.183
2026-04-13 07:28:52,12.49,37.53,0.162
2026-04-13 08:28:52,82.99,66.1,0.515
2026-04-13 09:28:52,81.87,86.23,0.509
2026-04-13 10:28:52,58.11,83.39,0.391
2026-04-13 11:28:52,96.52,83.78,0.583
2026-04-13 12:28:52,68.02,82.42,0.44
2026-04-13 13:28:52,85.04,76.29,0.525
2026-04-13 14:28:52,64.48,35.41,0.422
2026-04-13 15:28:52,80.7,64.82,0.503
2026-04-13 16:28:52,68.72,61.75,0.444
2026-04-13 17:28:52,62.22,71.08,0.411
2026-04-13 18:28:52,52.02,68.37,0.36
2026-04-13 19:28:52,28.03,27.49,0.24
2026-04-13 20:28:52,19.67,31.04,0.198
2026-04-13 21:28:52,18.8,14.27,0.194
2026-04-13 22:28:52,19.45,19.58,0.197
2026-04-13 23:28:52,29.71,12.08,0.249
2026-04-14 00:28:52,21.73,24.19,0.209
2026-04-14 01:28:52,10.57,30.43,0.153
2026-04-14 02:28:52,24.2,29.25,0.221
2026-04-14 03:28:52,12.23,40.47,0.161
2026-04-14 04:28:52,17.82,21.1,0.189
2026-04-14 05:28:52,16.02,23.11,0.18
2026-04-14 06:28:52,27.28,32.81,0.236
2026-04-14 07:28:52,18.65,29.18,0.193
2026-04-14 08:28:52,72.32,28.72,0.462
2026-04-14 09:28:52,82.55,65.78,0.513
2026-04-14 10:28:52,90.51,82.24,0.553
2026-04-14 11:28:52,68.42,66.22,0.442
2026-04-14 12:28:52,61.42,57.82,0.407
2026-04-14 13:28:52,61.88,43.96,0.409
2026-04-14 14:28:52,65.59,69.56,0.428
2026-04-14 15:28:52,63.17,51.81,0.416
2026-04-14 16:28:52,84.12,85.2,0.521
2026-04-14 17:28:52,92.03,76.56,0.56
2026-04-14 18:28:52,65.26,80.0,0.426
2026-04-14 19:28:52,25.61,26.38,0.228
2026-04-14 20:28:52,20.33,27.4,0.202
2026-04-14 21:28:52,22.14,39.27,0.211
2026-04-14 22:28:52,17.48,14.47,0.187
2026-04-14 23:28:52,19.76,26.67,0.199
2026-04-15 00:28:52,9.48,42.61,0.147
2026-04-15 01:28:52,23.12,31.69,0.216
2026-04-15 02:28:52,18.26,28.32,0.191
2026-04-15 03:28:52,25.39,22.65,0.227
2026-04-15 04:28:52,31.84,34.99,0.259
2026-04-15 05:28:52,23.81,28.44,0.219
2026-04-15 06:28:52,8.28,37.53,0.141
2026-04-15 07:28:52,20.02,29.48,0.2
2026-04-15 08:28:52,66.46,70.98,0.432
2026-04-15 09:28:52,83.03,66.43,0.515
2026-04-15 10:28:52,65.28,56.56,0.426
2026-04-15 11:28:52,56.29,45.25,0.381
2026-04-15 12:28:52,59.84,82.12,0.399
2026-04-15 13:28:52,82.06,77.99,0.51
2026-04-15 14:28:52,67.65,100.0,0.438
2026-04-15 15:28:52,63.65,91.73,0.418
2026-04-15 16:28:52,70.65,67.57,0.453
2026-04-15 17:28:52,63.78,80.76,0.419
2026-04-15 18:28:52,71.15,85.06,0.456
2026-04-15 19:28:52,19.98,21.86,0.2
2026-04-15 20:28:52,12.78,49.0,0.164
2026-04-15 21:28:52,24.87,31.56,0.224
2026-04-15 22:28:52,30.66,15.87,0.253
2026-04-15 23:28:52,22.23,38.64,0.211
2026-04-16 00:28:52,19.02,36.86,0.195
2026-04-16 01:28:52,26.84,33.32,0.234
2026-04-16 02:28:52,25.73,43.86,0.229
2026-04-16 03:28:52,19.78,18.89,0.199
2026-04-16 04:28:52,14.47,23.85,0.172
2026-04-16 05:28:52,22.95,22.19,0.215
2026-04-16 06:28:52,20.01,24.33,0.2
2026-04-16 07:28:52,20.46,26.6,0.202
2026-04-16 08:28:52,70.84,61.85,0.454
2026-04-16 09:28:52,72.16,81.46,0.461
2026-04-16 10:28:52,67.58,84.3,0.438
2026-04-16 11:28:52,76.05,70.78,0.48
2026-04-16 12:28:52,65.05,86.92,0.425
2026-04-16 13:28:52,82.6,48.84,0.513
2026-04-16 14:28:52,68.39,65.81,0.442
2026-04-16 15:28:52,75.23,60.31,0.476
2026-04-16 16:28:52,70.62,82.81,0.453
2026-04-16 17:28:52,83.62,81.41,0.518
2026-04-16 18:28:52,62.18,71.45,0.411
2026-04-16 19:28:52,22.12,12.05,0.211
2026-04-16 20:28:52,18.82,7.27,0.194
2026-04-16 21:28:52,21.04,37.37,0.205
2026-04-16 22:28:52,22.42,21.89,0.212
2026-04-16 23:28:52,20.03,25.13,0.2
2026-04-17 00:28:52,9.97,23.35,0.15
2026-04-17 01:28:52,21.33,32.12,0.207
2026-04-17 02:28:52,24.29,20.96,0.221
2026-04-17 03:28:52,23.1,16.8,0.215
2026-04-17 04:28:52,17.28,34.78,0.186
2026-04-17 05:28:52,16.98,24.44,0.185
2026-04-17 06:28:52,18.37,23.63,0.192
2026-04-17 07:28:52,12.54,7.2,0.163
2026-04-17 08:28:52,76.94,65.44,0.485
2026-04-17 09:28:52,73.33,48.38,0.467
2026-04-17 10:28:52,46.86,33.48,0.334
2026-04-17 11:28:52,78.13,45.78,0.491
2026-04-17 12:28:52,77.77,75.9,0.489
2026-04-17 13:28:52,76.56,79.8,0.483
2026-04-17 14:28:52,76.94,62.3,0.485
2026-04-17 15:28:52,77.15,82.23,0.486
2026-04-17 16:28:52,68.09,37.94,0.44
2026-04-17 17:28:52,80.63,66.97,0.503
2026-04-17 18:28:52,72.94,77.14,0.465
2026-04-17 19:28:52,21.89,27.32,0.209
2026-04-17 20:28:52,19.76,30.89,0.199
2026-04-17 21:28:52,27.24,35.16,0.236
2026-04-17 22:28:52,16.88,18.0,0.184
2026-04-17 23:28:52,15.78,45.89,0.179
2026-04-18 00:28:52,25.43,32.51,0.227
2026-04-18 01:28:52,21.29,28.02,0.206
2026-04-18 02:28:52,21.73,11.42,0.209
2026-04-18 03:28:52,17.53,22.02,0.188
2026-04-18 04:28:52,20.83,37.8,0.204
2026-04-18 05:28:52,22.01,38.04,0.21
2026-04-18 06:28:52,11.18,34.44,0.156
2026-04-18 07:28:52,14.94,31.53,0.175
2026-04-18 08:28:52,88.2,43.71,0.541
2026-04-18 09:28:52,69.13,64.32,0.446
2026-04-18 10:28:52,67.99,43.42,0.44
2026-04-18 11:28:52,79.44,85.96,0.497
2026-04-18 12:28:52,81.83,54.73,0.509
2026-04-18 13:28:52,86.68,65.97,0.533
2026-04-18 14:28:52,76.22,30.82,0.481
2026-04-18 15:28:52,74.35,67.17,0.472
2026-04-18 16:28:52,72.9,84.07,0.464
2026-04-18 17:28:52,70.06,67.53,0.45
2026-04-18 18:28:52,76.13,56.55,0.481
2026-04-18 19:28:52,22.16,25.49,0.211
2026-04-18 20:28:52,23.38,35.38,0.217
2026-04-18 21:28:52,31.78,27.95,0.259
2026-04-18 22:28:52,10.77,31.9,0.154
2026-04-18 23:28:52,15.64,19.82,0.178
2026-04-19 00:28:52,22.31,43.61,0.212
2026-04-19 01:28:52,22.41,26.66,0.212
2026-04-19 02:28:52,22.75,37.09,0.214
2026-04-19 03:28:52,18.4,19.7,0.192
2026-04-19 04:28:52,13.4,30.67,0.167
2026-04-19 05:28:52,18.48,43.57,0.192
2026-04-19 06:28:52,17.59,24.76,0.188
2026-04-19 07:28:52,22.74,26.7,0.214
2026-04-19 08:28:52,66.56,41.7,0.433
2026-04-19 09:28:52,99.03,65.91,0.595
2026-04-19 10:28:52,90.25,62.08,0.551
2026-04-19 11:28:52,91.18,84.08,0.556
2026-04-19 12:28:52,73.37,61.12,0.467
2026-04-19 13:28:52,78.91,49.27,0.495
2026-04-19 14:28:52,51.98,68.9,0.36
2026-04-19 15:28:52,61.75,61.38,0.409
2026-04-19 16:28:52,65.22,59.57,0.426
2026-04-19 17:28:52,82.05,62.5,0.51
2026-04-19 18:28:52,66.07,47.16,0.43
2026-04-19 19:28:52,21.15,28.39,0.206
2026-04-19 20:28:52,20.89,43.37,0.204
2026-04-19 21:28:52,18.65,13.74,0.193
2026-04-19 22:28:52,21.34,26.42,0.207
2026-04-19 23:28:52,17.46,32.41,0.187
2026-04-20 00:28:52,18.33,22.33,0.192
2026-04-20 01:28:52,18.29,25.52,0.191
2026-04-20 02:28:52,18.12,29.16,0.191
2026-04-20 03:28:52,16.1,14.09,0.181
2026-04-20 04:28:52,15.53,12.65,0.178
2026-04-20 05:28:52,13.54,17.92,0.168
2026-04-20 06:28:52,4.47,31.72,0.122
2026-04-20 07:28:52,16.27,26.53,0.181
2026-04-20 08:28:52,75.06,90.19,0.475
2026-04-20 09:28:52,88.66,34.71,0.543
2026-04-20 10:28:52,74.08,65.12,0.47
2026-04-20 11:28:52,75.45,62.95,0.477
2026-04-20 12:28:52,95.0,58.76,0.575
2026-04-20 13:28:52,63.47,42.44,0.417
2026-04-20 14:28:52,81.94,21.7,0.51
2026-04-20 15:28:52,78.93,70.73,0.495
2026-04-20 16:28:52,70.56,65.83,0.453
2026-04-20 17:28:52,82.74,61.62,0.514
2026-04-20 18:28:52,60.16,72.32,0.401
2026-04-20 19:28:52,19.75,51.97,0.199
2026-04-20 20:28:52,14.1,39.44,0.171
2026-04-20 21:28:52,19.24,18.06,0.196
2026-04-20 22:28:52,14.44,31.92,0.172
2026-04-20 23:28:52,26.86,12.49,0.234
2026-04-21 00:28:52,11.53,37.51,0.158
2026-04-21 01:28:52,22.63,30.94,0.213
2026-04-21 02:28:52,27.9,38.9,0.239
2026-04-21 03:28:52,18.37,13.75,0.192
2026-04-21 04:28:52,24.61,27.89,0.223
2026-04-21 05:28:52,24.69,22.77,0.223
2026-04-21 06:28:52,22.72,31.64,0.214
2026-04-21 07:28:52,21.56,12.44,0.208
2026-04-21 08:28:52,84.58,61.1,0.523
2026-04-21 09:28:52,59.13,83.93,0.396
2026-04-21 10:28:52,89.41,77.68,0.547
2026-04-21 11:28:52,78.42,51.41,0.492
2026-04-21 12:28:52,65.48,62.36,0.427
2026-04-21 13:28:52,74.92,57.47,0.475
2026-04-21 14:28:52,55.35,75.32,0.377
2026-04-21 15:28:52,89.53,92.42,0.548
2026-04-21 16:28:52,78.8,42.56,0.494
2026-04-21 17:28:52,71.97,75.81,0.46
2026-04-21 18:28:52,41.31,78.94,0.307
2026-04-21 19:28:52,19.41,16.01,0.197
2026-04-21 20:28:52,20.55,42.09,0.203
2026-04-21 21:28:52,21.24,43.63,0.206
2026-04-21 22:28:52,22.11,35.07,0.211
2026-04-21 23:28:52,14.3,28.92,0.172
2026-04-22 00:28:52,18.66,37.64,0.193
2026-04-22 01:28:52,15.9,24.95,0.179
2026-04-22 02:28:52,29.11,24.51,0.246
2026-04-22 03:28:52,17.6,22.35,0.188
2026-04-22 04:28:52,16.71,31.6,0.184
2026-04-22 05:28:52,17.79,11.15,0.189
2026-04-22 06:28:52,20.55,39.14,0.203
2026-04-22 07:28:52,22.59,32.76,0.213
2026-04-22 08:28:52,89.41,55.47,0.547
2026-04-22 09:28:52,89.07,82.54,0.545
2026-04-22 10:28:52,87.88,68.31,0.539
2026-04-22 11:28:52,87.34,58.26,0.537
2026-04-22 12:28:52,77.26,57.26,0.486
2026-04-22 13:28:52,60.49,56.09,0.402
2026-04-22 14:28:52,58.35,51.35,0.392
2026-04-22 15:28:52,76.89,100.0,0.484
2026-04-22 16:28:52,89.78,83.4,0.549
2026-04-22 17:28:52,74.07,45.91,0.47
2026-04-22 18:28:52,91.91,34.72,0.56
2026-04-22 19:28:52,17.04,30.36,0.185
2026-04-22 20:28:52,26.78,31.25,0.234
2026-04-22 21:28:52,18.37,30.03,0.192
2026-04-22 22:28:52,24.06,29.94,0.22
2026-04-22 23:28:52,23.05,52.4,0.215
2026-04-23 00:28:52,23.57,28.34,0.218
2026-04-23 01:28:52,24.76,40.24,0.224
2026-04-23 02:28:52,23.09,22.28,0.215
2026-04-23 03:28:52,14.91,33.68,0.175
2026-04-23 04:28:52,5.7,53.48,0.128
2026-04-23 05:28:52,18.19,12.68,0.191
2026-04-23 06:28:52,18.19,9.32,0.191
2026-04-23 07:28:52,20.89,32.44,0.204
2026-04-23 08:28:52,86.31,69.57,0.532
2026-04-23 09:28:52,82.79,77.11,0.514
2026-04-23 10:28:52,80.85,70.12,0.504
2026-04-23 11:28:52,68.98,66.22,0.445
2026-04-23 12:28:52,95.51,91.1,0.578
2026-04-23 13:28:52,72.44,59.78,0.462
2026-04-23 14:28:52,80.68,52.53,0.503
2026-04-23 15:28:52,68.04,62.95,0.44
2026-04-23 16:28:52,99.24,82.64,0.596
2026-04-23 17:28:52,70.09,69.23,0.45
2026-04-23 18:28:52,84.91,94.66,0.525
2026-04-23 19:28:52,18.84,34.27,0.194
2026-04-23 20:28:52,24.38,28.29,0.222
2026-04-23 21:28:52,17.32,36.98,0.187
2026-04-23 22:28:52,14.53,28.82,0.173
2026-04-23 23:28:52,23.12,17.78,0.216
2026-04-24 00:28:52,15.86,31.42,0.179
2026-04-24 01:28:52,25.77,25.16,0.229
2026-04-24 02:28:52,30.25,40.09,0.251
2026-04-24 03:28:52,25.87,25.43,0.229
2026-04-24 04:28:52,18.68,33.41,0.193
2026-04-24 05:28:52,19.35,15.97,0.197
2026-04-24 06:28:52,18.61,19.52,0.193
2026-04-24 07:28:52,26.26,37.99,0.231
2026-04-24 08:28:52,78.83,61.31,0.494
2026-04-24 09:28:52,85.52,43.4,0.528
2026-04-24 10:28:52,82.44,43.42,0.512
2026-04-24 11:28:52,82.66,54.04,0.513
2026-04-24 12:28:52,61.55,86.71,0.408
2026-04-24 13:28:52,83.1,76.66,0.516
2026-04-24 14:28:52,56.71,68.89,0.384
2026-04-24 15:28:52,73.45,55.06,0.467
2026-04-24 16:28:52,82.36,54.16,0.512
2026-04-24 17:28:52,76.42,54.22,0.482
2026-04-24 18:28:52,78.51,94.88,0.493
2026-04-24 19:28:52,24.68,2.71,0.223
2026-04-24 20:28:52,24.85,17.67,0.224
2026-04-24 21:28:52,15.61,38.02,0.178
2026-04-24 22:28:52,12.65,40.18,0.163
2026-04-24 23:28:52,14.41,39.76,0.172
2026-04-25 00:28:52,18.62,45.3,0.193
2026-04-25 01:28:52,8.08,38.23,0.14
2026-04-25 02:28:52,22.59,19.31,0.213
2026-04-25 03:28:52,15.88,29.18,0.179
2026-04-25 04:28:52,22.87,15.78,0.214
2026-04-25 05:28:52,28.57,39.72,0.243
2026-04-25 06:28:52,24.11,37.24,0.221
2026-04-25 07:28:52,20.31,35.92,0.202
2026-04-25 08:28:52,85.35,62.73,0.527
2026-04-25 09:28:52,72.97,74.35,0.465
2026-04-25 10:28:52,60.53,85.54,0.403
2026-04-25 11:28:52,70.95,68.14,0.455
2026-04-25 12:28:52,66.18,79.0,0.431
2026-04-25 13:28:52,86.27,47.87,0.531
2026-04-25 14:28:52,73.72,46.17,0.469
2026-04-25 15:28:52,69.56,63.33,0.448
2026-04-25 16:28:52,86.11,45.45,0.531
2026-04-25 17:28:52,77.96,78.42,0.49
2026-04-25 18:28:52,54.04,75.35,0.37
2026-04-25 19:28:52,12.98,36.44,0.165
2026-04-25 20:28:52,15.9,22.35,0.179
2026-04-25 21:28:52,27.66,22.13,0.238
2026-04-25 22:28:52,13.89,19.53,0.169
2026-04-25 23:28:52,33.48,35.95,0.267
2026-04-26 00:28:52,18.8,42.07,0.194
2026-04-26 01:28:52,17.81,3.01,0.189
2026-04-26 02:28:52,19.73,33.5,0.199
2026-04-26 03:28:52,19.25,28.45,0.196
2026-04-26 04:28:52,21.07,30.6,0.205
2026-04-26 05:28:52,25.44,23.31,0.227
2026-04-26 06:28:52,19.91,29.68,0.2
2026-04-26 07:28:52,32.26,19.8,0.261
2026-04-26 08:28:52,73.74,64.26,0.469
2026-04-26 09:28:52,70.59,70.52,0.453
2026-04-26 10:28:52,48.1,88.34,0.341
2026-04-26 11:28:52,72.18,74.41,0.461
2026-04-26 12:28:52,77.46,67.63,0.487
2026-04-26 13:28:52,73.28,63.52,0.466
2026-04-26 14:28:52,85.52,78.88,0.528
2026-04-26 15:28:52,85.61,63.75,0.528
2026-04-26 16:28:52,68.54,61.52,0.443
2026-04-26 17:28:52,51.83,65.61,0.359
2026-04-26 18:28:52,61.22,81.81,0.406
2026-04-26 19:28:52,29.33,32.76,0.247
2026-04-26 20:28:52,17.17,28.46,0.186
2026-04-26 21:28:52,31.22,22.53,0.256
2026-04-26 22:28:52,21.24,14.58,0.206
2026-04-26 23:28:52,22.64,38.08,0.213
2026-04-27 00:28:52,26.26,36.07,0.231
2026-04-27 01:28:52,16.75,34.39,0.184
2026-04-27 02:28:52,20.73,11.09,0.204
2026-04-27 03:28:52,17.84,21.61,0.189
2026-04-27 04:28:52,21.26,18.42,0.206
2026-04-27 05:28:52,14.84,24.35,0.174
2026-04-27 06:28:52,15.7,34.41,0.178
2026-04-27 07:28:52,14.78,9.92,0.174
2026-04-27 08:28:52,70.96,95.69,0.455
2026-04-27 09:28:52,72.65,41.7,0.463
2026-04-27 10:28:52,65.54,75.27,0.428
2026-04-27 11:28:52,79.16,84.85,0.496
2026-04-27 12:28:52,98.7,88.31,0.593
2026-04-27 13:28:52,64.24,76.84,0.421
2026-04-27 14:28:52,84.94,69.13,0.525
2026-04-27 15:28:52,73.95,47.41,0.47
2026-04-27 16:28:52,72.78,54.28,0.464
2026-04-27 17:28:52,75.59,59.75,0.478
2026-04-27 18:28:52,69.81,69.65,0.449
2026-04-27 19:28:52,19.79,19.77,0.199
2026-04-27 20:28:52,20.27,45.51,0.201
2026-04-27 21:28:52,17.5,44.48,0.188
2026-04-27 22:28:52,17.23,32.79,0.186
2026-04-27 23:28:52,24.46,41.37,0.222
2026-04-28 00:28:52,19.25,7.11,0.196
2026-04-28 01:28:52,18.11,29.72,0.191
2026-04-28 02:28:52,17.95,37.94,0.19
2026-04-28 03:28:52,15.44,6.95,0.177
2026-04-28 04:28:52,24.14,30.79,0.221
2026-04-28 05:28:52,15.68,21.39,0.178
2026-04-28 06:28:52,26.39,22.92,0.232
2026-04-28 07:28:52,16.91,32.4,0.185
2026-04-28 08:28:52,68.69,55.29,0.443
2026-04-28 09:28:52,71.29,70.27,0.456
2026-04-28 10:28:52,86.17,52.57,0.531
2026-04-28 11:28:52,52.09,44.65,0.36
2026-04-28 12:28:52,78.39,64.76,0.492
2026-04-28 13:28:52,59.8,53.2,0.399
2026-04-28 14:28:52,84.48,59.17,0.522
2026-04-28 15:28:52,62.17,74.2,0.411
2026-04-28 16:28:52,61.69,62.68,0.408
2026-04-28 17:28:52,49.15,89.83,0.346
2026-04-28 18:28:52,73.19,55.54,0.466
2026-04-28 19:28:52,26.56,23.16,0.233
2026-04-28 20:28:52,14.07,45.28,0.17
2026-04-28 21:28:52,24.61,18.14,0.223
2026-04-28 22:28:52,20.92,25.02,0.205
2026-04-28 23:28:52,17.4,29.39,0.187
2026-04-29 00:28:52,26.79,27.85,0.234
2026-04-29 01:28:52,18.04,32.15,0.19
2026-04-29 02:28:52,21.75,19.8,0.209
2026-04-29 03:28:52,21.76,25.65,0.209
2026-04-29 04:28:52,18.19,43.29,0.191
2026-04-29 05:28:52,22.48,41.49,0.212
2026-04-29 06:28:52,21.57,13.21,0.208
2026-04-29 07:28:52,18.09,12.42,0.19
2026-04-29 08:28:52,74.37,61.68,0.472
2026-04-29 09:28:52,71.99,53.83,0.46
2026-04-29 10:28:52,88.53,80.67,0.543
2026-04-29 11:28:52,68.63,90.06,0.443
2026-04-29 12:28:52,79.26,57.73,0.496
2026-04-29 13:28:52,80.7,53.82,0.503
2026-04-29 14:28:52,74.32,47.38,0.472
2026-04-29 15:28:52,67.43,53.43,0.437
2026-04-29 16:28:52,57.47,88.72,0.387
2026-04-29 17:28:52,86.09,73.31,0.53
2026-04-29 18:28:52,79.6,82.06,0.498
2026-04-29 19:28:52,12.77,40.63,0.164
2026-04-29 20:28:52,19.11,28.86,0.196
2026-04-29 21:28:52,25.6,36.47,0.228
2026-04-29 22:28:52,14.94,27.45,0.175
2026-04-29 23:28:52,27.5,6.74,0.237
2026-04-30 00:28:52,19.3,39.13,0.197
2026-04-30 01:28:52,24.62,30.69,0.223
2026-04-30 02:28:52,16.36,31.31,0.182
2026-04-30 03:28:52,21.02,41.57,0.205
2026-04-30 04:28:52,19.28,31.83,0.196
2026-04-30 05:28:52,15.57,30.93,0.178
2026-04-30 06:28:52,18.93,31.99,0.195
2026-04-30 07:28:52,27.84,19.76,0.239
2026-04-30 08:28:52,84.87,63.52,0.524
2026-04-30 09:28:52,75.69,54.18,0.478
2026-04-30 10:28:52,77.11,52.0,0.486
2026-04-30 11:28:52,70.32,78.5,0.452
2026-04-30 12:28:52,80.68,79.5,0.503
2026-04-30 13:28:52,71.96,70.8,0.46
2026-04-30 14:28:52,70.73,73.13,0.454
2026-04-30 15:28:52,77.67,64.65,0.488
2026-04-30 16:28:52,69.81,69.55,0.449
2026-04-30 17:28:52,82.49,76.2,0.512
2026-04-30 18:28:52,85.88,80.83,0.529
2026-04-30 19:28:52,21.81,28.32,0.209
2026-04-30 20:28:52,26.8,15.22,0.234
2026-04-30 21:28:52,25.15,30.54,0.226
2026-04-30 22:28:52,16.73,30.34,0.184
2026-04-30 23:28:52,20.55,35.25,0.203
2026-05-01 00:28:52,19.14,42.09,0.196
2026-05-01 01:28:52,21.73,39.51,0.209
2026-05-01 02:28:52,12.49,33.76,0.162
2026-05-01 03:28:52,14.96,30.91,0.175
2026-05-01 04:28:52,6.32,20.84,0.132
2026-05-01 05:28:52,16.88,22.38,0.184
2026-05-01 06:28:52,19.46,46.37,0.197
2026-05-01 07:28:52,16.0,28.18,0.18
2026-05-01 08:28:52,76.69,65.99,0.483
2026-05-01 09:28:52,82.76,39.59,0.514
2026-05-01 10:28:52,68.24,54.98,0.441
2026-05-01 11:28:52,65.51,63.67,0.428
2026-05-01 12:28:52,70.72,63.1,0.454
2026-05-01 13:28:52,70.07,57.0,0.45
2026-05-01 14:28:52,86.75,72.96,0.534
2026-05-01 15:28:52,69.71,58.61,0.449
2026-05-01 16:28:52,86.34,83.4,0.532
2026-05-01 17:28:52,63.07,85.94,0.415
2026-05-01 18:28:52,79.99,72.68,0.5
2026-05-01 19:28:52,22.26,41.07,0.211
2026-05-01 20:28:52,23.74,35.22,0.219
2026-05-01 21:28:52,17.95,34.1,0.19
2026-05-01 22:28:52,18.3,17.77,0.192
2026-05-01 23:28:52,11.22,54.76,0.156
2026-05-02 00:28:52,20.04,28.4,0.2
2026-05-02 01:28:52,23.76,27.28,0.219
2026-05-02 02:28:52,20.85,19.86,0.204
2026-05-02 03:28:52,18.63,36.37,0.193
2026-05-02 04:28:52,17.22,20.96,0.186
2026-05-02 05:28:52,15.36,22.36,0.177
2026-05-02 06:28:52,19.72,33.36,0.199
2026-05-02 07:28:52,18.42,15.55,0.192
2026-05-02 08:28:52,76.74,68.22,0.484
2026-05-02 09:28:52,86.25,27.36,0.531
2026-05-02 10:28:52,60.07,57.46,0.4
2026-05-02 11:28:52,83.91,53.14,0.52
2026-05-02 12:28:52,61.44,72.13,0.407
2026-05-02 13:28:52,63.68,86.7,0.418
2026-05-02 14:28:52,88.46,69.16,0.542
2026-05-02 15:28:52,70.54,65.55,0.453
2026-05-02 16:28:52,82.57,55.04,0.513
2026-05-02 17:28:52,71.47,38.32,0.457
2026-05-02 18:28:52,73.37,68.57,0.467
2026-05-02 19:28:52,23.52,42.13,0.218
2026-05-02 20:28:52,12.24,1.54,0.161
2026-05-02 21:28:52,22.34,36.96,0.212
2026-05-02 22:28:52,17.9,26.62,0.189
2026-05-02 23:28:52,24.45,33.18,0.222
2026-05-03 00:28:52,24.83,26.96,0.224
2026-05-03 01:28:52,15.8,41.69,0.179
2026-05-03 02:28:52,20.65,30.29,0.203
2026-05-03 03:28:52,22.84,27.86,0.214
2026-05-03 04:28:52,22.27,32.67,0.211
2026-05-03 05:28:52,18.89,27.95,0.194
2026-05-03 06:28:52,14.63,29.44,0.173
2026-05-03 07:28:52,17.85,32.16,0.189
2026-05-03 08:28:52,97.35,68.52,0.587
2026-05-03 09:28:52,82.24,56.06,0.511
2026-05-03 10:28:52,80.37,73.78,0.502
2026-05-03 11:28:52,79.63,71.43,0.498
2026-05-03 12:28:52,81.19,58.03,0.506
2026-05-03 13:28:52,71.06,88.91,0.455
2026-05-03 14:28:52,68.56,79.31,0.443
2026-05-03 15:28:52,81.4,70.27,0.507
2026-05-03 16:28:52,87.46,65.56,0.537
2026-05-03 17:28:52,47.64,75.98,0.338
2026-05-03 18:28:52,78.06,31.14,0.49
2026-05-03 19:28:52,16.12,22.5,0.181
2026-05-03 20:28:52,20.82,17.04,0.204
2026-05-03 21:28:52,16.45,52.85,0.182
2026-05-03 22:28:52,27.69,35.62,0.238
2026-05-03 23:28:52,20.77,21.91,0.204
2026-05-04 00:28:52,14.34,23.75,0.172
2026-05-04 01:28:52,15.2,25.15,0.176
2026-05-04 02:28:52,22.35,18.53,0.212
2026-05-04 03:28:52,16.78,38.62,0.184
2026-05-04 04:28:52,24.84,33.47,0.224
2026-05-04 05:28:52,13.43,31.9,0.167
2026-05-04 06:28:52,18.86,22.46,0.194
2026-05-04 07:28:52,24.2,27.82,0.221
2026-05-04 08:28:52,66.79,64.14,0.434
2026-05-04 09:28:52,65.01,58.06,0.425
2026-05-04 10:28:52,71.4,66.98,0.457
2026-05-04 11:28:52,78.65,37.13,0.493
2026-05-04 12:28:52,85.82,85.37,0.529
2026-05-04 13:28:52,79.53,61.34,0.498
2026-05-04 14:28:52,79.98,52.65,0.5
2026-05-04 15:28:52,71.6,66.27,0.458
2026-05-04 16:28:52,86.72,86.36,0.534
2026-05-04 17:28:52,67.43,81.95,0.437
2026-05-04 18:28:52,91.33,60.42,0.557
2026-05-04 19:28:52,18.2,38.0,0.191
2026-05-04 20:28:52,15.63,41.67,0.178
2026-05-04 21:28:52,25.65,25.24,0.228
2026-05-04 22:28:52,19.95,21.74,0.2
2026-05-04 23:28:52,30.97,39.21,0.255
2026-05-05 00:28:52,22.89,28.38,0.214
2026-05-05 01:28:52,13.36,31.65,0.167
2026-05-05 02:28:52,16.25,20.57,0.181
2026-05-05 03:28:52,23.33,31.53,0.217
2026-05-05 04:28:52,25.22,31.85,0.226
2026-05-05 05:28:52,17.45,19.14,0.187
2026-05-05 06:28:52,24.22,30.47,0.221
2026-05-05 07:28:52,18.85,19.7,0.194
2026-05-05 08:28:52,74.59,89.35,0.473
2026-05-05 09:28:52,70.42,61.03,0.452
2026-05-05 10:28:52,75.34,80.15,0.477
2026-05-05 11:28:52,78.86,66.18,0.494
2026-05-05 12:28:52,69.61,61.72,0.448
2026-05-05 13:28:52,79.21,81.74,0.496
2026-05-05 14:28:52,61.43,60.46,0.407
2026-05-05 15:28:52,66.07,69.84,0.43
2026-05-05 16:28:52,81.72,75.87,0.509
2026-05-05 17:28:52,78.38,61.72,0.492
2026-05-05 18:28:52,89.71,80.2,0.549
2026-05-05 19:28:52,11.0,35.57,0.155
2026-05-05 20:28:52,19.31,37.25,0.197
2026-05-05 21:28:52,13.71,27.88,0.169
2026-05-05 22:28:52,22.63,10.34,0.213
2026-05-05 23:28:52,20.67,36.56,0.203
2026-05-06 00:28:52,23.55,41.55,0.218
2026-05-06 01:28:52,14.09,38.11,0.17
2026-05-06 02:28:52,18.57,35.99,0.193
2026-05-06 03:28:52,27.14,20.85,0.236
2026-05-06 04:28:52,14.72,33.38,0.174
2026-05-06 05:28:52,15.19,27.8,0.176
2026-05-06 06:28:52,17.98,24.07,0.19
2026-05-06 07:28:52,25.61,26.04,0.228
2026-05-06 08:28:52,71.15,89.07,0.456
2026-05-06 09:28:52,71.08,84.5,0.455
2026-05-06 10:28:52,73.29,37.47,0.466
2026-05-06 11:28:52,59.47,72.21,0.397
2026-05-06 12:28:52,66.09,61.34,0.43
2026-05-06 13:28:52,81.54,53.78,0.508
2026-05-06 14:28:52,68.17,56.69,0.441
2026-05-06 15:28:52,88.77,100.0,0.544
2026-05-06 16:28:52,58.44,41.77,0.392
2026-05-06 17:28:52,72.53,61.81,0.463
2026-05-06 18:28:52,67.05,53.41,0.435
2026-05-06 19:28:52,23.56,31.91,0.218
2026-05-06 20:28:52,28.38,32.66,0.242
2026-05-06 21:28:52,20.88,24.64,0.204
2026-05-06 22:28:52,27.3,51.23,0.236
2026-05-06 23:28:52,28.2,33.4,0.241
2026-05-07 00:28:52,23.24,21.25,0.216
2026-05-07 01:28:52,20.27,25.79,0.201
2026-05-07 02:28:52,16.73,22.93,0.184
2026-05-07 03:28:52,21.39,41.12,0.207
2026-05-07 04:28:52,21.96,32.53,0.21
2026-05-07 05:28:52,26.39,28.73,0.232
2026-05-07 06:28:52,18.48,18.18,0.192
2026-05-07 07:28:52,18.39,20.86,0.192
2026-05-07 08:28:52,68.73,92.56,0.444
2026-05-07 09:28:52,59.43,69.81,0.397
2026-05-07 10:28:52,58.12,50.78,0.391
2026-05-07 11:28:52,69.87,80.15,0.449
2026-05-07 12:28:52,70.78,64.48,0.454
2026-05-07 13:28:52,73.42,100.0,0.467
2026-05-07 14:28:52,75.16,38.75,0.476
2026-05-07 15:28:52,87.71,83.24,0.539
2026-05-07 16:28:52,70.14,68.74,0.451
2026-05-07 17:28:52,95.2,65.56,0.576
2026-05-07 18:28:52,72.54,54.27,0.463
2026-05-07 19:28:52,12.92,28.43,0.165
2026-05-07 20:28:52,13.37,28.8,0.167
2026-05-07 21:28:52,4.05,24.44,0.12
2026-05-07 22:28:52,15.72,34.1,0.179
2026-05-07 23:28:52,15.01,32.19,0.175
2026-05-08 00:28:52,20.47,33.41,0.202
2026-05-08 01:28:52,18.82,40.78,0.194
2026-05-08 02:28:52,20.55,26.38,0.203
2026-05-08 03:28:52,15.72,29.26,0.179
2026-05-08 04:28:52,19.55,23.17,0.198
2026-05-08 05:28:52,19.77,42.41,0.199
2026-05-08 06:28:52,25.58,26.22,0.228
2026-05-08 07:28:52,19.58,29.83,0.198
2026-05-08 08:28:52,78.61,75.39,0.493
2026-05-08 09:28:52,71.62,47.16,0.458
2026-05-08 10:28:52,88.93,57.17,0.545
2026-05-08 11:28:52,76.6,59.79,0.483
2026-05-08 12:28:52,83.47,93.79,0.517
2026-05-08 13:28:52,77.99,7.61,0.49
2026-05-08 14:28:52,79.91,55.7,0.5
2026-05-08 15:28:52,79.65,51.63,0.498
2026-05-08 16:28:52,72.71,61.89,0.464
2026-05-08 17:28:52,79.98,66.52,0.5
2026-05-08 18:28:52,72.45,77.77,0.462
2026-05-08 19:28:52,31.13,44.07,0.256
2026-05-08 20:28:52,16.08,43.43,0.18
2026-05-08 21:28:52,20.62,41.16,0.203
2026-05-08 22:28:52,15.0,26.11,0.175
2026-05-08 23:28:52,6.04,12.0,0.13
2026-05-09 00:28:52,19.08,17.96,0.195
2026-05-09 01:28:52,18.72,39.83,0.194
2026-05-09 02:28:52,21.17,29.96,0.206
2026-05-09 03:28:52,4.48,28.42,0.122
2026-05-09 04:28:52,14.68,38.52,0.173
2026-05-09 05:28:52,12.4,21.74,0.162
2026-05-09 06:28:52,16.4,22.39,0.182
2026-05-09 07:28:52,26.63,20.61,0.233
2026-05-09 08:28:52,72.49,76.7,0.462
2026-05-09 09:28:52,73.6,66.32,0.468
2026-05-09 10:28:52,72.3,56.83,0.461
2026-05-09 11:28:52,63.2,74.06,0.416
2026-05-09 12:28:52,79.66,80.15,0.498
2026-05-09 13:28:52,82.19,56.46,0.511
2026-05-09 14:28:52,91.61,76.95,0.558
2026-05-09 15:28:52,89.04,61.63,0.545
2026-05-09 16:28:52,80.24,61.79,0.501
2026-05-09 17:28:52,76.98,71.22,0.485
2026-05-09 18:28:52,76.06,66.33,0.48
2026-05-09 19:28:52,20.49,40.66,0.202
2026-05-09 20:28:52,26.78,28.67,0.234
2026-05-09 21:28:52,28.86,32.16,0.244
2026-05-09 22:28:52,15.03,23.81,0.175
2026-05-09 23:28:52,26.21,18.54,0.231
2026-05-10 00:28:52,24.8,8.26,0.224
2026-05-10 01:28:52,21.56,38.81,0.208
2026-05-10 02:28:52,18.98,17.56,0.195
2026-05-10 03:28:52,13.36,22.16,0.167
2026-05-10 04:28:52,10.53,44.36,0.153
2026-05-10 05:28:52,19.88,25.79,0.199
2026-05-10 06:28:52,16.89,34.6,0.184
2026-05-10 07:28:52,26.3,45.6,0.232
2026-05-10 08:28:52,83.65,61.13,0.518
2026-05-10 09:28:52,75.76,42.95,0.479
2026-05-10 10:28:52,86.96,51.4,0.535
2026-05-10 11:28:52,85.33,66.41,0.527
2026-05-10 12:28:52,66.13,46.28,0.431
2026-05-10 13:28:52,63.57,73.64,0.418
2026-05-10 14:28:52,74.7,56.68,0.473
2026-05-10 15:28:52,69.83,50.32,0.449
2026-05-10 16:28:52,63.61,75.08,0.418
2026-05-10 17:28:52,59.87,62.43,0.399
2026-05-10 18:28:52,57.05,73.75,0.385
2026-05-10 19:28:52,28.45,32.62,0.242
2026-05-10 20:28:52,22.1,31.48,0.211
2026-05-10 21:28:52,9.89,49.64,0.149
2026-05-10 22:28:52,32.17,42.08,0.261
2026-05-10 23:28:52,19.97,27.65,0.2
2026-05-11 00:28:52,20.76,33.4,0.204
2026-05-11 01:28:52,20.42,42.39,0.202
2026-05-11 02:28:52,21.15,34.84,0.206
2026-05-11 03:28:52,20.9,13.29,0.204
2026-05-11 04:28:52,24.24,15.92,0.221
2026-05-11 05:28:52,19.18,30.11,0.196
2026-05-11 06:28:52,9.71,32.71,0.149
2026-05-11 07:28:52,21.39,25.75,0.207
2026-05-11 08:28:52,70.59,64.93,0.453
2026-05-11 09:28:52,61.24,71.42,0.406
2026-05-11 10:28:52,94.86,42.56,0.574
2026-05-11 11:28:52,98.68,46.26,0.593
2026-05-11 12:28:52,70.44,55.78,0.452
2026-05-11 13:28:52,85.8,99.76,0.529
2026-05-11 14:28:52,86.84,86.78,0.534
2026-05-11 15:28:52,69.94,77.53,0.45
2026-05-11 16:28:52,85.9,67.79,0.53
2026-05-11 17:28:52,84.37,73.07,0.522
2026-05-11 18:28:52,67.94,84.73,0.44
2026-05-11 19:28:52,26.7,44.46,0.233
2026-05-11 20:28:52,6.24,32.27,0.131
2026-05-11 21:28:52,28.66,22.39,0.243
2026-05-11 22:28:52,24.74,22.99,0.224
2026-05-11 23:28:52,22.16,37.66,0.211
2026-05-12 00:28:52,17.27,25.6,0.186
2026-05-12 01:28:52,17.6,6.86,0.188
2026-05-12 02:28:52,27.28,38.76,0.236
2026-05-12 03:28:52,23.05,27.61,0.215
2026-05-12 04:28:52,20.2,18.13,0.201
2026-05-12 05:28:52,11.64,17.03,0.158
2026-05-12 06:28:52,24.86,36.65,0.224
2026-05-12 07:28:52,14.62,29.25,0.173
2026-05-12 08:28:52,71.26,58.13,0.456
2026-05-12 09:28:52,80.23,55.2,0.501
2026-05-12 10:28:52,60.12,65.31,0.401
2026-05-12 11:28:52,74.12,43.2,0.471
2026-05-12 12:28:52,69.51,78.42,0.448
2026-05-12 13:28:52,89.45,52.19,0.547
2026-05-12 14:28:52,71.99,43.22,0.46
2026-05-12 15:28:52,68.86,73.66,0.444
2026-05-12 16:28:52,76.35,59.18,0.482
2026-05-12 17:28:52,81.64,66.21,0.508
2026-05-12 18:28:52,80.71,70.3,0.504
2026-05-12 19:28:52,23.72,20.53,0.219
2026-05-12 20:28:52,6.66,27.71,0.133
2026-05-12 21:28:52,25.21,22.75,0.226
2026-05-12 22:28:52,18.04,25.37,0.19
2026-05-12 23:28:52,18.11,24.36,0.191
2026-05-13 00:28:52,17.48,40.69,0.187
2026-05-13 01:28:52,19.08,26.34,0.195
2026-05-13 02:28:52,21.68,35.46,0.208
2026-05-13 03:28:52,20.58,36.94,0.203
2026-05-13 04:28:52,21.79,14.57,0.209
2026-05-13 05:28:52,24.03,55.89,0.22
2026-05-13 06:28:52,18.25,45.55,0.191
2026-05-13 07:28:52,27.08,10.32,0.235
2026-05-13 08:28:52,71.95,47.22,0.46
2026-05-13 09:28:52,83.73,93.37,0.519
2026-05-13 10:28:52,79.96,58.03,0.5
2026-05-13 11:28:52,56.17,74.48,0.381
2026-05-13 12:28:52,75.27,59.21,0.476
2026-05-13 13:28:52,74.58,77.62,0.473
2026-05-13 14:28:52,69.52,58.11,0.448
2026-05-13 15:28:52,82.43,46.86,0.512
2026-05-13 16:28:52,89.22,52.44,0.546
2026-05-13 17:28:52,69.16,76.51,0.446
2026-05-13 18:28:52,79.5,55.07,0.498
2026-05-13 19:28:52,28.6,1.97,0.243
2026-05-13 20:28:52,21.08,1.28,0.205
2026-05-13 21:28:52,21.31,27.29,0.207
2026-05-13 22:28:52,12.89,25.81,0.164
2026-05-13 23:28:52,22.95,38.68,0.215
2026-05-14 00:28:52,19.43,20.68,0.197
2026-05-14 01:28:52,21.37,22.57,0.207
2026-05-14 02:28:52,14.03,37.58,0.17
2026-05-14 03:28:52,13.69,35.28,0.168
2026-05-14 04:28:52,15.59,11.64,0.178
2026-05-14 05:28:52,20.82,18.07,0.204
2026-05-14 06:28:52,16.62,55.71,0.183
2026-05-14 07:28:52,26.85,37.89,0.234
2026-05-14 08:28:52,68.38,78.5,0.442
2026-05-14 09:28:52,60.98,52.51,0.405
2026-05-14 10:28:52,66.59,67.43,0.433
2026-05-14 11:28:52,79.6,72.81,0.498
2026-05-14 12:28:52,84.75,57.29,0.524
2026-05-14 13:28:52,81.66,65.5,0.508
2026-05-14 14:28:52,68.53,41.77,0.443
2026-05-14 15:28:52,58.6,46.09,0.393
2026-05-14 16:28:52,76.85,74.53,0.484
2026-05-14 17:28:52,71.43,66.13,0.457
2026-05-14 18:28:52,65.03,48.57,0.425
2026-05-14 19:28:52,26.8,22.23,0.234
2026-05-14 20:28:52,21.66,23.32,0.208
2026-05-14 21:28:52,17.43,36.81,0.187
2026-05-14 22:28:52,23.46,37.68,0.217
2026-05-14 23:28:52,25.78,29.64,0.229
2026-05-15 00:28:52,8.57,28.14,0.143
2026-05-15 01:28:52,23.69,29.2,0.218
2026-05-15 02:28:52,19.06,26.15,0.195
2026-05-15 03:28:52,25.87,27.6,0.229
2026-05-15 04:28:52,21.92,32.35,0.21
2026-05-15 05:28:52,30.59,35.5,0.253
2026-05-15 06:28:52,15.38,31.86,0.177
2026-05-15 07:28:52,16.44,21.23,0.182
2026-05-15 08:28:52,82.77,76.82,0.514
2026-05-15 09:28:52,64.62,46.6,0.423
2026-05-15 10:28:52,73.51,68.76,0.468
2026-05-15 11:28:52,71.77,85.41,0.459
2026-05-15 12:28:52,86.6,45.23,0.533
2026-05-15 13:28:52,75.93,45.76,0.48
2026-05-15 14:28:52,82.47,53.27,0.512
2026-05-15 15:28:52,66.7,77.33,0.433
2026-05-15 16:28:52,68.52,65.62,0.443
2026-05-15 17:28:52,84.47,63.26,0.522
2026-05-15 18:28:52,69.32,50.06,0.447
2026-05-15 19:28:52,18.92,16.65,0.195
2026-05-15 20:28:52,13.53,31.23,0.168
2026-05-15 21:28:52,16.01,36.1,0.18
2026-05-15 22:28:52,20.93,41.91,0.205
2026-05-15 23:28:52,14.19,40.12,0.171
2026-05-16 00:28:52,26.25,40.0,0.231
2026-05-16 01:28:52,23.06,28.72,0.215
2026-05-16 02:28:52,23.43,41.62,0.217
2026-05-16 03:28:52,24.05,33.58,0.22
2026-05-16 04:28:52,17.82,37.59,0.189
2026-05-16 05:28:52,15.44,42.52,0.177
2026-05-16 06:28:52,22.8,62.53,0.214
2026-05-16 07:28:52,28.47,19.74,0.242
2026-05-16 08:28:52,71.26,70.1,0.456
2026-05-16 09:28:52,53.25,58.32,0.366
2026-05-16 10:28:52,69.56,49.67,0.448
2026-05-16 11:28:52,68.88,72.67,0.444
2026-05-16 12:28:52,53.36,45.98,0.367
2026-05-16 13:28:52,79.55,89.92,0.498
2026-05-16 14:28:52,82.61,64.31,0.513
2026-05-16 15:28:52,62.98,70.45,0.415
2026-05-16 16:28:52,68.2,25.38,0.441
2026-05-16 17:28:52,85.93,66.87,0.53
2026-05-16 18:28:52,81.3,65.33,0.506
2026-05-16 19:28:52,18.12,35.99,0.191
2026-05-16 20:28:52,23.46,49.02,0.217
2026-05-16 21:28:52,20.7,33.3,0.204
2026-05-16 22:28:52,19.85,48.71,0.199
2026-05-16 23:28:52,19.82,32.1,0.199
2026-05-17 00:28:52,25.28,29.55,0.226
2026-05-17 01:28:52,21.53,34.61,0.208
2026-05-17 02:28:52,15.19,32.96,0.176
2026-05-17 03:28:52,17.1,35.46,0.186
2026-05-17 04:28:52,26.1,46.86,0.23
2026-05-17 05:28:52,9.27,18.66,0.146
2026-05-17 06:28:52,26.1,40.56,0.23
2026-05-17 07:28:52,15.98,36.16,0.18
2026-05-17 08:28:52,72.56,79.54,0.463
2026-05-17 09:28:52,59.22,52.76,0.396
2026-05-17 10:28:52,68.54,65.69,0.443
2026-05-17 11:28:52,85.1,58.77,0.525
2026-05-17 12:28:52,66.91,70.27,0.435
2026-05-17 13:28:52,83.38,68.15,0.517
2026-05-17 14:28:52,62.77,55.94,0.414
2026-05-17 15:28:52,86.61,71.88,0.533
2026-05-17 16:28:52,96.23,86.83,0.581
2026-05-17 17:28:52,87.57,73.19,0.538
2026-05-17 18:28:52,79.73,82.85,0.499
2026-05-17 19:28:52,16.85,18.54,0.184
2026-05-17 20:28:52,20.29,22.94,0.201
2026-05-17 21:28:52,12.17,26.77,0.161
2026-05-17 22:28:52,22.12,43.54,0.211
2026-05-17 23:28:52,26.24,22.99,0.231
2026-05-18 00:28:52,15.39,25.16,0.177
2026-05-18 01:28:52,24.35,23.89,0.222
2026-05-18 02:28:52,17.06,35.05,0.185
2026-05-18 03:28:52,15.55,21.29,0.178
2026-05-18 04:28:52,21.16,29.08,0.206
2026-05-18 05:28:52,17.05,44.49,0.185
2026-05-18 06:28:52,21.04,24.05,0.205
2026-05-18 07:28:52,14.38,35.88,0.172
2026-05-18 08:28:52,77.44,63.64,0.487
2026-05-18 09:28:52,70.39,44.2,0.452
2026-05-18 10:28:52,83.48,70.69,0.517
2026-05-18 11:28:52,75.24,78.06,0.476
2026-05-18 12:28:52,80.66,87.32,0.503
2026-05-18 13:28:52,84.58,71.98,0.523
2026-05-18 14:28:52,72.43,94.59,0.462
2026-05-18 15:28:52,67.55,66.28,0.438
2026-05-18 16:28:52,72.67,67.15,0.463
2026-05-18 17:28:52,65.91,60.64,0.43
2026-05-18 18:28:52,65.46,48.43,0.427
2026-05-18 19:28:52,23.35,31.38,0.217
2026-05-18 20:28:52,17.53,32.92,0.188
2026-05-18 21:28:52,18.89,33.31,0.194
2026-05-18 22:28:52,16.26,30.26,0.181
2026-05-18 23:28:52,20.6,38.76,0.203
2026-05-19 00:28:52,15.25,30.11,0.176
2026-05-19 01:28:52,21.94,33.3,0.21
2026-05-19 02:28:52,19.43,23.93,0.197
2026-05-19 03:28:52,17.0,20.76,0.185
2026-05-19 04:28:52,25.01,20.09,0.225
2026-05-19 05:28:52,16.95,22.79,0.185
2026-05-19 06:28:52,24.83,23.8,0.224
2026-05-19 07:28:52,8.69,49.36,0.143
2026-05-19 08:28:52,89.92,81.82,0.55
2026-05-19 09:28:52,89.2,62.73,0.546
2026-05-19 10:28:52,78.25,48.37,0.491
2026-05-19 11:28:52,90.6,84.91,0.553
2026-05-19 12:28:52,93.73,71.33,0.569
2026-05-19 13:28:52,85.9,37.15,0.53
2026-05-19 14:28:52,69.79,53.0,0.449
2026-05-19 15:28:52,70.82,91.68,0.454
2026-05-19 16:28:52,65.34,71.42,0.427
2026-05-19 17:28:52,85.24,59.56,0.526
2026-05-19 18:28:52,86.95,97.37,0.535
2026-05-19 19:28:52,18.79,35.65,0.194
2026-05-19 20:28:52,25.98,40.89,0.23
2026-05-19 21:28:52,26.39,41.47,0.232
2026-05-19 22:28:52,17.03,14.66,0.185
2026-05-19 23:28:52,15.5,35.81,0.178
2026-05-20 00:28:52,17.96,30.17,0.19
2026-05-20 01:28:52,24.24,25.57,0.221
2026-05-20 02:28:52,18.05,43.81,0.19
2026-05-20 03:28:52,14.9,12.12,0.175
2026-05-20 04:28:52,26.87,26.82,0.234
2026-05-20 05:28:52,26.55,26.89,0.233
2026-05-20 06:28:52,26.2,27.92,0.231
2026-05-20 07:28:52,23.6,28.6,0.218
2026-05-20 08:28:52,79.52,72.39,0.498
2026-05-20 09:28:52,88.21,75.16,0.541
2026-05-20 10:28:52,70.67,65.14,0.453
2026-05-20 11:28:52,77.16,78.64,0.486
2026-05-20 12:28:52,85.58,64.09,0.528
2026-05-20 13:28:52,96.31,75.27,0.582
2026-05-20 14:28:52,100.0,94.55,0.6
2026-05-20 15:28:52,82.7,50.08,0.514
2026-05-20 16:28:52,94.89,86.6,0.574
2026-05-20 17:28:52,67.62,72.33,0.438
2026-05-20 18:28:52,75.97,79.96,0.48
2026-05-20 19:28:52,17.46,43.22,0.187
2026-05-20 20:28:52,18.86,10.5,0.194
2026-05-20 21:28:52,16.89,10.86,0.184
2026-05-20 22:28:52,19.4,19.91,0.197
2026-05-20 23:28:52,24.19,32.86,0.221
2026-05-21 00:28:52,28.88,21.2,0.244
2026-05-21 01:28:52,19.22,38.19,0.196
2026-05-21 02:28:52,10.3,45.12,0.151
2026-05-21 03:28:52,20.28,44.86,0.201
2026-05-21 04:28:52,18.77,45.61,0.194
2026-05-21 05:28:52,32.47,19.88,0.262
2026-05-21 06:28:52,20.68,30.0,0.203
2026-05-21 07:28:52,19.39,34.49,0.197
2026-05-21 08:28:52,67.51,69.4,0.438
2026-05-21 09:28:52,88.02,69.54,0.54
2026-05-21 10:28:52,69.34,87.95,0.447
2026-05-21 11:28:52,64.17,82.87,0.421
2026-05-21 12:28:52,82.36,72.48,0.512
2026-05-21 13:28:52,86.33,49.23,0.532
2026-05-21 14:28:52,77.64,73.25,0.488
2026-05-21 15:28:52,98.05,59.67,0.59
2026-05-21 16:28:52,75.63,59.63,0.478
2026-05-21 17:28:52,70.3,54.42,0.452
2026-05-21 18:28:52,66.65,52.23,0.433
2026-05-21 19:28:52,20.18,27.88,0.201
2026-05-21 20:28:52,6.32,43.35,0.132
2026-05-21 21:28:52,8.98,31.08,0.145
2026-05-21 22:28:52,17.62,22.46,0.188
2026-05-21 23:28:52,21.27,28.94,0.206
2026-05-22 00:28:52,16.61,18.02,0.183
2026-05-22 01:28:52,15.77,32.98,0.179
2026-05-22 02:28:52,18.32,15.86,0.192
2026-05-22 03:28:52,20.9,30.59,0.204
2026-05-22 04:28:52,21.76,36.35,0.209
2026-05-22 05:28:52,18.65,22.46,0.193
2026-05-22 06:28:52,24.95,19.88,0.225
2026-05-22 07:28:52,11.6,35.13,0.158
2026-05-22 08:28:52,73.78,55.17,0.469
2026-05-22 09:28:52,77.44,68.48,0.487
2026-05-22 10:28:52,73.9,86.9,0.47
2026-05-22 11:28:52,83.49,68.79,0.517
2026-05-22 12:28:52,76.25,59.74,0.481
2026-05-22 13:28:52,78.79,51.5,0.494
2026-05-22 14:28:52,81.97,62.4,0.51
2026-05-22 15:28:52,62.0,42.46,0.41
2026-05-22 16:28:52,97.74,60.84,0.589
2026-05-22 17:28:52,64.0,49.03,0.42
2026-05-22 18:28:52,84.16,100.0,0.521
2026-05-22 19:28:52,22.57,27.32,0.213
2026-05-22 20:28:52,17.63,20.84,0.188
2026-05-22 21:28:52,18.35,27.84,0.192
2026-05-22 22:28:52,18.22,37.14,0.191
2026-05-22 23:28:52,21.62,19.26,0.208
2026-05-23 00:28:52,19.88,9.86,0.199
2026-05-23 01:28:52,19.95,9.25,0.2
2026-05-23 02:28:52,18.54,43.09,0.193
2026-05-23 03:28:52,20.59,22.27,0.203
2026-05-23 04:28:52,26.44,46.29,0.232
2026-05-23 05:28:52,13.93,40.92,0.17
2026-05-23 06:28:52,22.2,39.72,0.211
2026-05-23 07:28:52,8.92,26.07,0.145
2026-05-23 08:28:52,59.73,71.81,0.399
2026-05-23 09:28:52,74.95,61.3,0.475
2026-05-23 10:28:52,94.93,63.12,0.575
2026-05-23 11:28:52,85.9,70.66,0.53
2026-05-23 12:28:52,78.4,66.6,0.492
2026-05-23 13:28:52,79.74,84.9,0.499
2026-05-23 14:28:52,85.13,59.04,0.526
2026-05-23 15:28:52,69.61,89.84,0.448
2026-05-23 16:28:52,81.91,64.45,0.51
2026-05-23 17:28:52,70.83,63.4,0.454
2026-05-23 18:28:52,77.49,74.61,0.487
2026-05-23 19:28:52,21.53,15.81,0.208
2026-05-23 20:28:52,16.26,38.89,0.181
2026-05-23 21:28:52,17.67,25.05,0.188
2026-05-23 22:28:52,18.7,36.46,0.194
2026-05-23 23:28:52,21.87,22.45,0.209
2026-05-24 00:28:52,13.07,42.91,0.165
2026-05-24 01:28:52,15.23,33.13,0.176
2026-05-24 02:28:52,17.44,42.76,0.187
2026-05-24 03:28:52,20.97,35.34,0.205
2026-05-24 04:28:52,17.6,24.16,0.188
2026-05-24 05:28:52,19.48,26.9,0.197
2026-05-24 06:28:52,19.51,50.17,0.198
2026-05-24 07:28:52,23.75,41.36,0.219
2026-05-24 08:28:52,77.87,75.83,0.489
2026-05-24 09:28:52,72.79,67.07,0.464
2026-05-24 10:28:52,73.82,57.71,0.469
2026-05-24 11:28:52,70.13,80.07,0.451
2026-05-24 12:28:52,71.05,78.9,0.455
2026-05-24 13:28:52,79.69,79.5,0.498
2026-05-24 14:28:52,68.74,46.46,0.444
2026-05-24 15:28:52,81.24,63.12,0.506
2026-05-24 16:28:52,76.43,59.26,0.482
2026-05-24 17:28:52,76.1,66.0,0.481
2026-05-24 18:28:52,73.0,77.06,0.465
2026-05-24 19:28:52,25.61,32.87,0.228
2026-05-24 20:28:52,18.48,12.53,0.192
2026-05-24 21:28:52,20.52,32.57,0.203
2026-05-24 22:28:52,18.13,35.96,0.191
2026-05-24 23:28:52,11.49,26.59,0.157
2026-05-25 00:28:52,15.55,37.48,0.178
2026-05-25 01:28:52,16.32,32.59,0.182
2026-05-25 02:28:52,26.18,8.71,0.231
2026-05-25 03:28:52,23.65,39.73,0.218
2026-05-25 04:28:52,16.03,43.14,0.18
2026-05-25 05:28:52,20.99,30.01,0.205
2026-05-25 06:28:52,13.37,24.52,0.167
2026-05-25 07:28:52,12.07,27.47,0.16
2026-05-25 08:28:52,87.44,71.86,0.537
2026-05-25 09:28:52,55.73,100.0,0.379
2026-05-25 10:28:52,67.99,40.81,0.44
2026-05-25 11:28:52,85.18,43.17,0.526
2026-05-25 12:28:52,81.11,46.12,0.506
2026-05-25 13:28:52,68.22,66.59,0.441
2026-05-25 14:28:52,77.84,62.45,0.489
2026-05-25 15:28:52,74.98,71.04,0.475
2026-05-25 16:28:52,76.8,100.0,0.484
2026-05-25 17:28:52,88.31,39.15,0.542
2026-05-25 18:28:52,79.91,65.85,0.5
2026-05-25 19:28:52,24.52,37.64,0.223
2026-05-25 20:28:52,16.72,28.78,0.184
2026-05-25 21:28:52,24.97,41.64,0.225
2026-05-25 22:28:52,24.02,2.96,0.22
2026-05-25 23:28:52,23.27,12.62,0.216
2026-05-26 00:28:52,25.83,29.1,0.229
2026-05-26 01:28:52,22.19,33.6,0.211
2026-05-26 02:28:52,16.1,46.24,0.181
2026-05-26 03:28:52,21.23,31.75,0.206
2026-05-26 04:28:52,23.92,27.22,0.22
2026-05-26 05:28:52,21.16,41.43,0.206
2026-05-26 06:28:52,20.04,35.51,0.2
2026-05-26 07:28:52,16.03,28.97,0.18
2026-05-26 08:28:52,71.2,78.0,0.456
2026-05-26 09:28:52,90.96,63.98,0.555
2026-05-26 10:28:52,64.49,71.99,0.422
2026-05-26 11:28:52,75.78,79.5,0.479
2026-05-26 12:28:52,78.16,57.5,0.491
2026-05-26 13:28:52,82.55,86.36,0.513
2026-05-26 14:28:52,66.22,70.55,0.431
2026-05-26 15:28:52,57.13,59.48,0.386
2026-05-26 16:28:52,86.38,27.41,0.532
2026-05-26 17:28:52,64.51,85.11,0.423
2026-05-26 18:28:52,58.9,46.71,0.395
2026-05-26 19:28:52,15.92,13.72,0.18
2026-05-26 20:28:52,13.4,31.08,0.167
2026-05-26 21:28:52,22.24,43.23,0.211
2026-05-26 22:28:52,11.87,32.87,0.159
2026-05-26 23:28:52,12.29,35.38,0.161
2026-05-27 00:28:52,12.7,52.03,0.163
2026-05-27 01:28:52,29.72,12.43,0.249
2026-05-27 02:28:52,5.97,36.33,0.13
2026-05-27 03:28:52,21.73,23.64,0.209
2026-05-27 04:28:52,23.77,46.65,0.219
2026-05-27 05:28:52,18.6,25.39,0.193
2026-05-27 06:28:52,19.5,29.19,0.198
2026-05-27 07:28:52,25.94,36.98,0.23
2026-05-27 08:28:52,76.46,64.25,0.482
2026-05-27 09:28:52,78.34,58.38,0.492
2026-05-27 10:28:52,72.23,90.5,0.461
2026-05-27 11:28:52,77.46,33.74,0.487
2026-05-27 12:28:52,71.99,42.67,0.46
2026-05-27 13:28:52,77.81,78.63,0.489
2026-05-27 14:28:52,62.25,55.52,0.411
2026-05-27 15:28:52,59.52,72.0,0.398
2026-05-27 16:28:52,65.38,82.11,0.427
2026-05-27 17:28:52,92.3,68.41,0.561
2026-05-27 18:28:52,83.73,95.18,0.519
2026-05-27 19:28:52,24.14,40.1,0.221
2026-05-27 20:28:52,21.51,24.49,0.208
2026-05-27 21:28:52,22.22,26.9,0.211
2026-05-27 22:28:52,31.75,29.59,0.259
2026-05-27 23:28:52,23.18,36.5,0.216
2026-05-28 00:28:52,16.16,25.18,0.181
2026-05-28 01:28:52,18.91,19.26,0.195
2026-05-28 02:28:52,12.54,18.72,0.163
2026-05-28 03:28:52,22.69,39.24,0.213
2026-05-28 04:28:52,21.38,20.55,0.207
2026-05-28 05:28:52,21.55,23.58,0.208
2026-05-28 06:28:52,12.25,29.82,0.161
2026-05-28 07:28:52,31.92,24.25,0.26
2026-05-28 08:28:52,72.81,47.6,0.464
2026-05-28 09:28:52,63.77,72.73,0.419
2026-05-28 10:28:52,62.02,53.14,0.41
2026-05-28 11:28:52,85.99,53.52,0.53
2026-05-28 12:28:52,75.44,33.12,0.477
2026-05-28 13:28:52,54.33,61.43,0.372
2026-05-28 14:28:52,79.64,73.67,0.498
2026-05-28 15:28:52,65.79,74.07,0.429
2026-05-28 16:28:52,89.1,68.52,0.545
2026-05-28 17:28:52,83.14,87.53,0.516
2026-05-28 18:28:52,70.13,60.1,0.451
2026-05-28 19:28:52,10.82,34.16,0.154
2026-05-28 20:28:52,25.53,22.07,0.228
2026-05-28 21:28:52,20.59,29.48,0.203
2026-05-28 22:28:52,17.42,36.73,0.187
2026-05-28 23:28:52,21.91,44.67,0.21
2026-05-29 00:28:52,15.44,40.69,0.177
2026-05-29 01:28:52,28.19,25.13,0.241
2026-05-29 02:28:52,22.2,44.73,0.211
2026-05-29 03:28:52,14.48,33.51,0.172
2026-05-29 04:28:52,20.74,26.19,0.204
2026-05-29 05:28:52,26.25,17.46,0.231
2026-05-29 06:28:52,19.43,36.75,0.197
2026-05-29 07:28:52,13.79,25.61,0.169
2026-05-29 08:28:52,60.73,38.85,0.404
2026-05-29 09:28:52,81.3,59.41,0.507
2026-05-29 10:28:52,83.59,55.82,0.518
2026-05-29 11:28:52,100.0,54.49,0.6
2026-05-29 12:28:52,77.46,66.03,0.487
2026-05-29 13:28:52,83.73,77.45,0.519
2026-05-29 14:28:52,91.14,77.03,0.556
2026-05-29 15:28:52,84.51,65.38,0.523
2026-05-29 16:28:52,71.49,56.79,0.457
2026-05-29 17:28:52,55.03,59.3,0.375
2026-05-29 18:28:52,73.62,51.65,0.468
2026-05-29 19:28:52,24.18,18.2,0.221
2026-05-29 20:28:52,13.33,10.38,0.167
2026-05-29 21:28:52,7.99,35.13,0.14
2026-05-29 22:28:52,26.38,38.35,0.232
2026-05-29 23:28:52,22.83,39.82,0.214
2026-05-30 00:28:52,19.94,21.27,0.2
2026-05-30 01:28:52,19.45,26.49,0.197
2026-05-30 02:28:52,19.85,46.3,0.199
2026-05-30 03:28:52,19.74,24.04,0.199
2026-05-30 04:28:52,24.45,41.9,0.222
2026-05-30 05:28:52,20.08,28.9,0.2
2026-05-30 06:28:52,18.95,37.54,0.195
2026-05-30 07:28:52,24.95,34.86,0.225
2026-05-30 08:28:52,72.62,71.66,0.463
2026-05-30 09:28:52,82.24,80.9,0.511
2026-05-30 10:28:52,73.01,36.63,0.465
2026-05-30 11:28:52,72.2,86.48,0.461
2026-05-30 12:28:52,100.0,68.08,0.6
2026-05-30 13:28:52,84.27,83.6,0.521
2026-05-30 14:28:52,61.86,74.05,0.409
2026-05-30 15:28:52,75.47,69.28,0.477
2026-05-30 16:28:52,75.12,78.69,0.476
2026-05-30 17:28:52,79.63,75.24,0.498
2026-05-30 18:28:52,84.65,42.42,0.523
2026-05-30 19:28:52,21.23,36.23,0.206
2026-05-30 20:28:52,15.31,27.45,0.177
2026-05-30 21:28:52,20.7,28.08,0.203
2026-05-30 22:28:52,23.6,30.08,0.218
2026-05-30 23:28:52,24.15,26.93,0.221
2026-05-31 00:28:52,24.49,46.01,0.222
2026-05-31 01:28:52,20.47,27.06,0.202
2026-05-31 02:28:52,21.55,25.41,0.208
2026-05-31 03:28:52,26.28,33.8,0.231
2026-05-31 04:28:52,18.87,36.12,0.194
2026-05-31 05:28:52,15.16,30.63,0.176
2026-05-31 06:28:52,10.45,40.49,0.152
2026-05-31 07:28:52,17.33,37.1,0.187
2026-05-31 08:28:52,55.3,31.44,0.377
2026-05-31 09:28:52,75.66,54.12,0.478
2026-05-31 10:28:52,54.39,63.06,0.372
2026-05-31 11:28:52,88.44,79.85,0.542
2026-05-31 12:28:52,95.25,50.08,0.576
2026-05-31 13:28:52,76.72,91.75,0.484
2026-05-31 14:28:52,91.2,77.83,0.556
2026-05-31 15:28:52,79.68,42.67,0.498
2026-05-31 16:28:52,63.07,60.28,0.415
2026-05-31 17:28:52,86.82,74.84,0.534
2026-05-31 18:28:52,72.31,92.88,0.462
2026-05-31 19:28:52,21.91,29.68,0.21
2026-05-31 20:28:52,18.78,20.33,0.194
2026-05-31 21:28:52,14.54,29.57,0.173
2026-05-31 22:28:52,30.11,30.0,0.251
2026-05-31 23:28:52,16.99,28.09,0.185
2026-06-01 00:28:52,17.68,22.87,0.188
2026-06-01 01:28:52,22.68,35.19,0.213
2026-06-01 02:28:52,16.72,38.96,0.184
2026-06-01 03:28:52,13.92,23.04,0.17
2026-06-01 04:28:52,16.36,15.15,0.182
2026-06-01 05:28:52,15.76,22.03,0.179
2026-06-01 06:28:52,17.14,38.42,0.186
2026-06-01 07:28:52,18.97,13.33,0.195
2026-06-01 08:28:52,75.1,80.87,0.476
2026-06-01 09:28:52,80.36,74.62,0.502
2026-06-01 10:28:52,71.67,77.06,0.458
2026-06-01 11:28:52,74.45,55.99,0.472
2026-06-01 12:28:52,68.06,72.66,0.44
2026-06-01 13:28:52,49.53,86.82,0.348
2026-06-01 14:28:52,70.98,58.36,0.455
2026-06-01 15:28:52,92.64,55.12,0.563
2026-06-01 16:28:52,95.43,86.34,0.577
2026-06-01 17:28:52,93.4,68.72,0.567
2026-06-01 18:28:52,66.41,94.19,0.432
2026-06-01 19:28:52,22.48,13.25,0.212
2026-06-01 20:28:52,19.13,33.54,0.196
2026-06-01 21:28:52,28.29,28.2,0.241
2026-06-01 22:28:52,21.56,25.66,0.208
2026-06-01 23:28:52,19.32,20.63,0.197
2026-06-02 00:28:52,21.1,31.64,0.205
2026-06-02 01:28:52,19.61,24.06,0.198
2026-06-02 02:28:52,30.34,24.93,0.252
2026-06-02 03:28:52,15.11,36.83,0.176
2026-06-02 04:28:52,21.62,41.33,0.208
2026-06-02 05:28:52,21.87,36.44,0.209
2026-06-02 06:28:52,8.61,32.81,0.143
2026-06-02 07:28:52,16.09,10.51,0.18
2026-06-02 08:28:52,80.13,88.83,0.501
2026-06-02 09:28:52,68.69,59.6,0.443
2026-06-02 10:28:52,81.5,35.66,0.507
2026-06-02 11:28:52,66.56,56.79,0.433
2026-06-02 12:28:52,94.02,88.9,0.57
2026-06-02 13:28:52,88.1,77.47,0.541
2026-06-02 14:28:52,84.05,52.61,0.52
2026-06-02 15:28:52,87.31,60.61,0.537
2026-06-02 16:28:52,59.26,56.48,0.396
2026-06-02 17:28:52,68.78,74.7,0.444
2026-06-02 18:28:52,75.89,49.67,0.479
2026-06-02 19:28:52,18.88,39.94,0.194
2026-06-02 20:28:52,21.3,46.64,0.206
2026-06-02 21:28:52,16.51,25.88,0.183
2026-06-02 22:28:52,20.71,36.97,0.204
2026-06-02 23:28:52,22.98,27.87,0.215
2026-06-03 00:28:52,18.41,29.93,0.192
2026-06-03 01:28:52,19.78,41.7,0.199
2026-06-03 02:28:52,22.64,25.29,0.213
2026-06-03 03:28:52,17.6,53.59,0.188
2026-06-03 04:28:52,16.72,35.02,0.184
2026-06-03 05:28:52,19.28,17.98,0.196
2026-06-03 06:28:52,18.95,31.6,0.195
2026-06-03 07:28:52,15.63,24.52,0.178
2026-06-03 08:28:52,70.15,83.89,0.451
2026-06-03 09:28:52,79.71,79.94,0.499
2026-06-03 10:28:52,96.19,82.07,0.581
2026-06-03 11:28:52,55.35,68.41,0.377
2026-06-03 12:28:52,65.48,45.09,0.427
2026-06-03 13:28:52,89.42,90.33,0.547
2026-06-03 14:28:52,78.23,91.85,0.491
2026-06-03 15:28:52,64.76,72.72,0.424
2026-06-03 16:28:52,64.56,45.62,0.423
2026-06-03 17:28:52,80.63,88.47,0.503
2026-06-03 18:28:52,73.8,64.81,0.469
2026-06-03 19:28:52,13.38,30.83,0.167
2026-06-03 20:28:52,13.31,20.63,0.167
2026-06-03 21:28:52,21.05,40.82,0.205
2026-06-03 22:28:52,24.36,32.72,0.222
2026-06-03 23:28:52,19.48,40.38,0.197
2026-06-04 00:28:52,16.93,33.81,0.185
2026-06-04 01:28:52,13.38,20.43,0.167
2026-06-04 02:28:52,22.16,27.83,0.211
2026-06-04 03:28:52,25.02,25.03,0.225
2026-06-04 04:28:52,12.96,28.42,0.165
2026-06-04 05:28:52,19.56,23.07,0.198
2026-06-04 06:28:52,27.43,20.14,0.237
2026-06-04 07:28:52,19.01,44.52,0.195
2026-06-04 08:28:52,87.4,65.66,0.537
2026-06-04 09:28:52,53.62,36.05,0.368
2026-06-04 10:28:52,80.05,81.49,0.5
2026-06-04 11:28:52,82.71,91.87,0.514
2026-06-04 12:28:52,87.9,56.6,0.54
2026-06-04 13:28:52,70.51,62.46,0.453
2026-06-04 14:28:52,77.42,68.1,0.487
2026-06-04 15:28:52,84.72,63.65,0.524
2026-06-04 16:28:52,65.05,40.97,0.425
2026-06-04 17:28:52,79.11,34.8,0.496
2026-06-04 18:28:52,66.87,61.06,0.434
2026-06-04 19:28:52,21.3,34.1,0.206
2026-06-04 20:28:52,16.02,40.14,0.18
2026-06-04 21:28:52,27.92,13.32,0.24
2026-06-04 22:28:52,13.95,28.55,0.17
2026-06-04 23:28:52,34.06,34.65,0.27
2026-06-05 00:28:52,27.04,9.39,0.235
2026-06-05 01:28:52,20.26,12.29,0.201
2026-06-05 02:28:52,16.79,39.42,0.184
2026-06-05 03:28:52,19.58,20.06,0.198
2026-06-05 04:28:52,13.99,25.66,0.17
2026-06-05 05:28:52,19.39,20.35,0.197
2026-06-05 06:28:52,17.26,26.84,0.186
2026-06-05 07:28:52,24.11,45.44,0.221
2026-06-05 08:28:52,73.95,78.25,0.47
2026-06-05 09:28:52,90.28,81.25,0.551
2026-06-05 10:28:52,59.24,54.21,0.396
2026-06-05 11:28:52,65.16,68.65,0.426
2026-06-05 12:28:52,76.69,79.01,0.483
2026-06-05 13:28:52,74.07,87.35,0.47
2026-06-05 14:28:52,41.11,55.67,0.306
2026-06-05 15:28:52,76.68,76.28,0.483
2026-06-05 16:28:52,75.28,59.7,0.476
2026-06-05 17:28:52,51.17,53.55,0.356
2026-06-05 18:28:52,81.67,76.51,0.508
2026-06-05 19:28:52,13.99,37.87,0.17
2026-06-05 20:28:52,12.02,39.45,0.16
2026-06-05 21:28:52,16.58,10.86,0.183
2026-06-05 22:28:52,22.95,37.06,0.215
2026-06-05 23:28:52,19.58,26.58,0.198
2026-06-06 00:28:52,19.31,33.9,0.197
2026-06-06 01:28:52,24.86,36.93,0.224
2026-06-06 02:28:52,22.12,41.46,0.211
2026-06-06 03:28:52,24.66,26.79,0.223
2026-06-06 04:28:52,20.74,31.15,0.204
2026-06-06 05:28:52,22.01,23.82,0.21
2026-06-06 06:28:52,19.97,50.13,0.2
2026-06-06 07:28:52,23.27,35.63,0.216
2026-06-06 08:28:52,71.58,96.05,0.458
2026-06-06 09:28:52,81.26,86.97,0.506
2026-06-06 10:28:52,67.04,72.04,0.435
2026-06-06 11:28:52,61.54,59.07,0.408
2026-06-06 12:28:52,73.62,93.78,0.468
2026-06-06 13:28:52,63.31,70.35,0.417
2026-06-06 14:28:52,91.39,89.63,0.557
2026-06-06 15:28:52,69.52,60.58,0.448
2026-06-06 16:28:52,60.64,75.25,0.403
2026-06-06 17:28:52,62.2,85.08,0.411
2026-06-06 18:28:52,77.61,58.59,0.488
2026-06-06 19:28:52,25.8,31.2,0.229
2026-06-06 20:28:52,23.05,38.66,0.215
2026-06-06 21:28:52,20.44,23.55,0.202
2026-06-06 22:28:52,26.73,39.27,0.234
2026-06-06 23:28:52,14.01,17.92,0.17
2026-06-07 00:28:52,22.84,51.34,0.214
2026-06-07 01:28:52,19.5,22.24,0.197
2026-06-07 02:28:52,19.23,29.16,0.196
2026-06-07 03:28:52,9.11,37.81,0.146
2026-06-07 04:28:52,31.48,1.0,0.257
2026-06-07 05:28:52,21.87,19.47,0.209
2026-06-07 06:28:52,19.42,18.16,0.197
2026-06-07 07:28:52,25.95,33.13,0.23
2026-06-07 08:28:52,87.76,47.94,0.539
2026-06-07 09:28:52,74.66,53.73,0.473
